<?xml version='1.0' encoding='UTF-8' standalone='yes' ?>
<hierarchy rotation="0">
  <node index="0" text="" resource-id="" class="android.widget.FrameLayout" package="com.android.systemui" content-desc="" checkable="false" checked="false" clickable="false" enabled="true" focusable="false" focused="false" scrollable="false" long-clickable="false" password="false" selected="false" visible-to-user="true" bounds="[0,0][720,36]">
    <node index="0" text="" resource-id="com.android.systemui:id/scrim_in_front" class="android.view.View" package="com.android.systemui" content-desc="" checkable="false" checked="false" clickable="false" enabled="true" focusable="true" focused="false" scrollable="false" long-clickable="false" password="false" selected="false" visible-to-user="true" bounds="[0,0][720,36]" />
    <node index="1" text="" resource-id="com.android.systemui:id/scrim_behind" class="android.view.View" package="com.android.systemui" content-desc="" checkable="false" checked="false" clickable="false" enabled="true" focusable="true" focused="false" scrollable="false" long-clickable="false" password="false" selected="false" visible-to-user="true" bounds="[0,0][720,36]" />
    <node index="2" text="" resource-id="com.android.systemui:id/status_bar_container" class="android.widget.FrameLayout" package="com.android.systemui" content-desc="" checkable="false" checked="false" clickable="false" enabled="true" focusable="false" focused="false" scrollable="false" long-clickable="false" password="false" selected="false" visible-to-user="true" bounds="[0,0][720,36]">
      <node index="0" text="" resource-id="com.android.systemui:id/status_bar" class="android.widget.FrameLayout" package="com.android.systemui" content-desc="" checkable="false" checked="false" clickable="false" enabled="true" focusable="false" focused="false" scrollable="false" long-clickable="false" password="false" selected="false" visible-to-user="true" bounds="[0,0][720,36]">
        <node index="0" text="" resource-id="com.android.systemui:id/status_bar_contents" class="android.widget.LinearLayout" package="com.android.systemui" content-desc="" checkable="false" checked="false" clickable="false" enabled="true" focusable="false" focused="false" scrollable="false" long-clickable="false" password="false" selected="false" visible-to-user="true" bounds="[12,0][708,36]">
          <node index="0" text="" resource-id="" class="android.widget.FrameLayout" package="com.android.systemui" content-desc="" checkable="false" checked="false" clickable="false" enabled="true" focusable="false" focused="false" scrollable="false" long-clickable="false" password="false" selected="false" visible-to-user="true" bounds="[21,0][360,36]">
            <node index="0" text="" resource-id="com.android.systemui:id/status_bar_left_side" class="android.widget.LinearLayout" package="com.android.systemui" content-desc="" checkable="false" checked="false" clickable="false" enabled="true" focusable="false" focused="false" scrollable="false" long-clickable="false" password="false" selected="false" visible-to-user="true" bounds="[21,0][360,36]">
              <node index="0" text="1:59" resource-id="com.android.systemui:id/clock" class="android.widget.TextView" package="com.android.systemui" content-desc="1:59 AM" checkable="false" checked="false" clickable="false" enabled="true" focusable="false" focused="false" scrollable="false" long-clickable="false" password="false" selected="false" visible-to-user="true" bounds="[21,0][80,36]" />
              <node index="1" text="" resource-id="com.android.systemui:id/notification_icon_area" class="android.widget.FrameLayout" package="com.android.systemui" content-desc="" checkable="false" checked="false" clickable="false" enabled="true" focusable="false" focused="false" scrollable="false" long-clickable="false" password="false" selected="false" visible-to-user="true" bounds="[80,0][360,36]">
                <node index="0" text="" resource-id="com.android.systemui:id/notification_icon_area_inner" class="android.widget.LinearLayout" package="com.android.systemui" content-desc="" checkable="false" checked="false" clickable="false" enabled="true" focusable="false" focused="false" scrollable="false" long-clickable="false" password="false" selected="false" visible-to-user="true" bounds="[80,0][360,36]">
                  <node index="0" text="" resource-id="com.android.systemui:id/notificationIcons" class="android.widget.FrameLayout" package="com.android.systemui" content-desc="" checkable="false" checked="false" clickable="false" enabled="true" focusable="false" focused="false" scrollable="false" long-clickable="false" password="false" selected="false" visible-to-user="true" bounds="[80,0][360,36]">
                    <node index="0" text="" resource-id="" class="android.widget.ImageView" package="com.android.systemui" content-desc="Instagram notification: (dr_dobrev): georgi atanasov to Аниме топкА: Там сме" checkable="false" checked="false" clickable="false" enabled="true" focusable="false" focused="false" scrollable="false" long-clickable="false" password="false" selected="false" visible-to-user="true" bounds="[80,0][113,36]" />
                    <node index="1" text="" resource-id="" class="android.widget.ImageView" package="com.android.systemui" content-desc="Instagram notification: ge3kcultural" checkable="false" checked="false" clickable="false" enabled="true" focusable="false" focused="false" scrollable="false" long-clickable="false" password="false" selected="false" visible-to-user="true" bounds="[113,0][146,36]" />
                    <node index="2" text="" resource-id="" class="android.widget.ImageView" package="com.android.systemui" content-desc="Android System notification: Configure physical keyboard" checkable="false" checked="false" clickable="false" enabled="true" focusable="false" focused="false" scrollable="false" long-clickable="false" password="false" selected="false" visible-to-user="true" bounds="[146,0][179,36]" />
                    <node index="3" text="" resource-id="" class="android.widget.ImageView" package="com.android.systemui" content-desc="ATX notification: UIAutomator" checkable="false" checked="false" clickable="false" enabled="true" focusable="false" focused="false" scrollable="false" long-clickable="false" password="false" selected="false" visible-to-user="true" bounds="[179,0][212,36]" />
                  </node>
                </node>
              </node>
            </node>
          </node>
          <node index="1" text="" resource-id="com.android.systemui:id/system_icon_area" class="android.widget.LinearLayout" package="com.android.systemui" content-desc="" checkable="false" checked="false" clickable="false" enabled="true" focusable="false" focused="false" scrollable="false" long-clickable="false" password="false" selected="false" visible-to-user="true" bounds="[360,0][699,36]">
            <node index="0" text="" resource-id="com.android.systemui:id/system_icons" class="android.widget.LinearLayout" package="com.android.systemui" content-desc="" checkable="false" checked="false" clickable="false" enabled="true" focusable="false" focused="false" scrollable="false" long-clickable="false" password="false" selected="false" visible-to-user="true" bounds="[360,0][699,36]">
              <node index="0" text="" resource-id="com.android.systemui:id/statusIcons" class="android.widget.LinearLayout" package="com.android.systemui" content-desc="" checkable="false" checked="false" clickable="false" enabled="true" focusable="false" focused="false" scrollable="false" long-clickable="false" password="false" selected="false" visible-to-user="true" bounds="[360,0][686,36]">
                <node index="0" text="" resource-id="" class="android.widget.ImageView" package="com.android.systemui" content-desc="Do not disturb" checkable="false" checked="false" clickable="false" enabled="true" focusable="false" focused="false" scrollable="false" long-clickable="false" password="false" selected="false" visible-to-user="true" bounds="[617,1][649,34]" />
                <node index="1" text="" resource-id="com.android.systemui:id/wifi_combo" class="android.widget.FrameLayout" package="com.android.systemui" content-desc="Wifi signal full." checkable="false" checked="false" clickable="false" enabled="true" focusable="false" focused="false" scrollable="false" long-clickable="false" password="false" selected="false" visible-to-user="true" bounds="[649,1][677,34]">
                  <node index="0" text="" resource-id="com.android.systemui:id/wifi_group" class="android.widget.LinearLayout" package="com.android.systemui" content-desc="" checkable="false" checked="false" clickable="false" enabled="true" focusable="false" focused="false" scrollable="false" long-clickable="false" password="false" selected="false" visible-to-user="true" bounds="[653,1][677,34]">
                    <node index="0" text="" resource-id="com.android.systemui:id/wifi_combo" class="android.widget.FrameLayout" package="com.android.systemui" content-desc="" checkable="false" checked="false" clickable="false" enabled="true" focusable="false" focused="false" scrollable="false" long-clickable="false" password="false" selected="false" visible-to-user="true" bounds="[653,6][677,29]">
                      <node index="0" text="" resource-id="com.android.systemui:id/wifi_signal" class="android.widget.ImageView" package="com.android.systemui" content-desc="" checkable="false" checked="false" clickable="false" enabled="true" focusable="false" focused="false" scrollable="false" long-clickable="false" password="false" selected="false" visible-to-user="true" bounds="[653,6][677,29]" />
                    </node>
                  </node>
                </node>
              </node>
              <node index="1" text="" resource-id="com.android.systemui:id/battery" class="android.widget.LinearLayout" package="com.android.systemui" content-desc="Battery charging, 100 percent." checkable="false" checked="false" clickable="false" enabled="true" focusable="false" focused="false" scrollable="false" long-clickable="false" password="false" selected="false" visible-to-user="true" bounds="[686,0][699,36]">
                <node index="0" text="" resource-id="" class="android.widget.ImageView" package="com.android.systemui" content-desc="" checkable="false" checked="false" clickable="false" enabled="true" focusable="false" focused="false" scrollable="false" long-clickable="false" password="false" selected="false" visible-to-user="true" bounds="[686,7][699,27]" />
              </node>
            </node>
          </node>
        </node>
      </node>
    </node>
  </node>
  <node index="0" text="" resource-id="" class="android.widget.FrameLayout" package="com.instagram.android" content-desc="" checkable="false" checked="false" clickable="false" enabled="true" focusable="false" focused="false" scrollable="false" long-clickable="false" password="false" selected="false" visible-to-user="true" bounds="[0,0][720,1280]">
    <node index="0" text="" resource-id="" class="android.widget.LinearLayout" package="com.instagram.android" content-desc="" checkable="false" checked="false" clickable="false" enabled="true" focusable="false" focused="false" scrollable="false" long-clickable="false" password="false" selected="false" visible-to-user="true" bounds="[0,0][720,1280]">
      <node index="0" text="" resource-id="" class="android.widget.FrameLayout" package="com.instagram.android" content-desc="" checkable="false" checked="false" clickable="false" enabled="true" focusable="false" focused="false" scrollable="false" long-clickable="false" password="false" selected="false" visible-to-user="true" bounds="[0,0][720,1280]">
        <node index="0" text="" resource-id="com.instagram.android:id/action_bar_root" class="android.widget.LinearLayout" package="com.instagram.android" content-desc="" checkable="false" checked="false" clickable="false" enabled="true" focusable="false" focused="false" scrollable="false" long-clickable="false" password="false" selected="false" visible-to-user="true" bounds="[0,0][720,1280]">
          <node index="0" text="" resource-id="android:id/content" class="android.widget.FrameLayout" package="com.instagram.android" content-desc="" checkable="false" checked="false" clickable="false" enabled="true" focusable="false" focused="false" scrollable="false" long-clickable="false" password="false" selected="false" visible-to-user="true" bounds="[0,0][720,1280]">
            <node index="0" text="" resource-id="com.instagram.android:id/swipe_navigation_container" class="android.widget.FrameLayout" package="com.instagram.android" content-desc="" checkable="false" checked="false" clickable="false" enabled="true" focusable="false" focused="false" scrollable="false" long-clickable="false" password="false" selected="false" visible-to-user="true" bounds="[0,0][720,1280]">
              <node index="0" text="" resource-id="com.instagram.android:id/bottom_sheet_camera_container" class="android.widget.FrameLayout" package="com.instagram.android" content-desc="" checkable="false" checked="false" clickable="false" enabled="true" focusable="false" focused="false" scrollable="false" long-clickable="false" password="false" selected="false" visible-to-user="true" bounds="[0,0][720,1280]" />
              <node index="1" text="" resource-id="com.instagram.android:id/overlay_layout_container" class="android.widget.FrameLayout" package="com.instagram.android" content-desc="" checkable="false" checked="false" clickable="false" enabled="true" focusable="false" focused="false" scrollable="false" long-clickable="false" password="false" selected="false" visible-to-user="true" bounds="[0,0][720,1280]" />
              <node index="2" text="" resource-id="com.instagram.android:id/layout_container_center_right_coordinator_layout" class="android.view.ViewGroup" package="com.instagram.android" content-desc="" checkable="false" checked="false" clickable="false" enabled="true" focusable="false" focused="false" scrollable="false" long-clickable="false" password="false" selected="false" visible-to-user="true" bounds="[0,0][720,1280]">
                <node index="1" text="" resource-id="com.instagram.android:id/activity_and_camera_shared_views_main_container" class="android.widget.FrameLayout" package="com.instagram.android" content-desc="" checkable="false" checked="false" clickable="false" enabled="true" focusable="false" focused="false" scrollable="false" long-clickable="false" password="false" selected="false" visible-to-user="true" bounds="[0,36][720,1280]" />
                <node index="2" text="" resource-id="com.instagram.android:id/layout_container_main_panel" class="android.view.ViewGroup" package="com.instagram.android" content-desc="" checkable="false" checked="false" clickable="false" enabled="true" focusable="false" focused="false" scrollable="false" long-clickable="false" password="false" selected="false" visible-to-user="true" bounds="[0,36][720,1280]">
                  <node index="1" text="" resource-id="com.instagram.android:id/layout_container_main_wrapper" class="android.widget.FrameLayout" package="com.instagram.android" content-desc="" checkable="false" checked="false" clickable="false" enabled="true" focusable="false" focused="false" scrollable="false" long-clickable="false" password="false" selected="false" visible-to-user="true" bounds="[0,36][720,1280]">
                    <node index="0" text="" resource-id="com.instagram.android:id/layout_container_main" class="android.widget.FrameLayout" package="com.instagram.android" content-desc="" checkable="false" checked="false" clickable="false" enabled="true" focusable="false" focused="false" scrollable="false" long-clickable="false" password="false" selected="false" visible-to-user="true" bounds="[0,36][720,1214]">
                      <node index="0" text="" resource-id="com.instagram.android:id/root_clips_layout" class="android.widget.LinearLayout" package="com.instagram.android" content-desc="" checkable="false" checked="false" clickable="false" enabled="true" focusable="false" focused="false" scrollable="false" long-clickable="false" password="false" selected="false" visible-to-user="true" bounds="[0,36][720,1214]">
                        <node index="0" text="" resource-id="com.instagram.android:id/gesture_manager" class="android.widget.FrameLayout" package="com.instagram.android" content-desc="" checkable="false" checked="false" clickable="false" enabled="true" focusable="true" focused="true" scrollable="false" long-clickable="false" password="false" selected="false" visible-to-user="true" bounds="[0,36][720,1214]">
                          <node index="0" text="" resource-id="com.instagram.android:id/clips_swipe_refresh_container" class="android.view.ViewGroup" package="com.instagram.android" content-desc="" checkable="false" checked="false" clickable="false" enabled="true" focusable="false" focused="false" scrollable="false" long-clickable="false" password="false" selected="false" visible-to-user="true" bounds="[0,36][720,1214]">
                            <node index="0" text="" resource-id="com.instagram.android:id/clips_viewer_view_pager" class="androidx.viewpager.widget.ViewPager" package="com.instagram.android" content-desc="" checkable="false" checked="false" clickable="false" enabled="true" focusable="false" focused="false" scrollable="true" long-clickable="false" password="false" selected="false" visible-to-user="true" bounds="[0,36][720,1214]">
                              <node index="0" text="" resource-id="" class="androidx.recyclerview.widget.RecyclerView" package="com.instagram.android" content-desc="" checkable="false" checked="false" clickable="false" enabled="true" focusable="true" focused="false" scrollable="true" long-clickable="false" password="false" selected="false" visible-to-user="true" bounds="[0,36][720,1214]">
                                <node index="0" text="" resource-id="" class="android.widget.FrameLayout" package="com.instagram.android" content-desc="" checkable="false" checked="false" clickable="false" enabled="true" focusable="false" focused="false" scrollable="false" long-clickable="false" password="false" selected="false" visible-to-user="true" bounds="[0,36][720,1214]">
                                  <node index="0" text="" resource-id="" class="android.view.ViewGroup" package="com.instagram.android" content-desc="" checkable="false" checked="false" clickable="false" enabled="true" focusable="false" focused="false" scrollable="false" long-clickable="false" password="false" selected="false" visible-to-user="true" bounds="[0,36][720,1214]">
                                    <node index="0" text="" resource-id="com.instagram.android:id/clips_video_container" class="android.view.ViewGroup" package="com.instagram.android" content-desc="" checkable="false" checked="false" clickable="false" enabled="true" focusable="false" focused="false" scrollable="false" long-clickable="false" password="false" selected="false" visible-to-user="true" bounds="[0,36][720,1214]" />
                                    <node index="1" text="" resource-id="" class="android.widget.FrameLayout" package="com.instagram.android" content-desc="" checkable="false" checked="false" clickable="false" enabled="true" focusable="false" focused="false" scrollable="false" long-clickable="false" password="false" selected="false" visible-to-user="true" bounds="[0,36][720,1214]">
                                      <node index="0" text="" resource-id="com.instagram.android:id/interactive_sticker_container" class="android.widget.FrameLayout" package="com.instagram.android" content-desc="" checkable="false" checked="false" clickable="false" enabled="true" focusable="false" focused="false" scrollable="false" long-clickable="false" password="false" selected="false" visible-to-user="true" bounds="[0,36][720,1214]">
                                        <node index="0" text="" resource-id="com.instagram.android:id/countdown_sticker_confetti" class="android.widget.ImageView" package="com.instagram.android" content-desc="" checkable="false" checked="false" clickable="false" enabled="true" focusable="false" focused="false" scrollable="false" long-clickable="false" password="false" selected="false" visible-to-user="true" bounds="[0,36][720,1214]" />
                                      </node>
                                    </node>
                                    <node index="2" text="" resource-id="" class="android.view.ViewGroup" package="com.instagram.android" content-desc="Reel by argenby" checkable="false" checked="false" clickable="false" enabled="true" focusable="true" focused="false" scrollable="false" long-clickable="false" password="false" selected="false" visible-to-user="true" bounds="[0,36][720,1214]">
                                      <node index="0" text="" resource-id="" class="android.view.ViewGroup" package="com.instagram.android" content-desc="" checkable="false" checked="false" clickable="false" enabled="true" focusable="false" focused="false" scrollable="false" long-clickable="false" password="false" selected="false" visible-to-user="true" bounds="[0,36][720,1214]">
                                        <node index="0" text="" resource-id="" class="android.widget.FrameLayout" package="com.instagram.android" content-desc="" checkable="false" checked="false" clickable="false" enabled="true" focusable="false" focused="false" scrollable="false" long-clickable="false" password="false" selected="false" visible-to-user="true" bounds="[0,36][720,1214]">
                                          <node index="0" text="" resource-id="com.instagram.android:id/clips_video_container" class="android.widget.FrameLayout" package="com.instagram.android" content-desc="Reel by argenby. Double tap to play or pause." checkable="false" checked="false" clickable="false" enabled="true" focusable="false" focused="false" scrollable="false" long-clickable="false" password="false" selected="false" visible-to-user="true" bounds="[0,36][720,1214]">
                                            <node index="0" text="" resource-id="" class="android.view.View" package="com.instagram.android" content-desc="" checkable="false" checked="false" clickable="false" enabled="true" focusable="false" focused="false" scrollable="false" long-clickable="false" password="false" selected="false" visible-to-user="true" bounds="[0,36][720,1214]" />
                                          </node>
                                          <node index="1" text="" resource-id="" class="android.widget.ImageView" package="com.instagram.android" content-desc="" checkable="false" checked="false" clickable="false" enabled="true" focusable="false" focused="false" scrollable="false" long-clickable="false" password="false" selected="false" visible-to-user="true" bounds="[0,36][720,1214]" />
                                        </node>
                                      </node>
                                    </node>
                                    <node index="3" text="" resource-id="" class="android.view.ViewGroup" package="com.instagram.android" content-desc="" checkable="false" checked="false" clickable="false" enabled="true" focusable="false" focused="false" scrollable="false" long-clickable="false" password="false" selected="false" visible-to-user="true" bounds="[0,36][720,1214]">
                                      <node index="0" text="" resource-id="com.instagram.android:id/reels_clips_media_info_component" class="android.view.ViewGroup" package="com.instagram.android" content-desc="" checkable="false" checked="false" clickable="false" enabled="true" focusable="false" focused="false" scrollable="false" long-clickable="false" password="false" selected="false" visible-to-user="true" bounds="[0,1029][642,1214]">
                                        <node index="0" text="" resource-id="" class="android.view.ViewGroup" package="com.instagram.android" content-desc="" checkable="false" checked="false" clickable="false" enabled="true" focusable="false" focused="false" scrollable="false" long-clickable="false" password="false" selected="false" visible-to-user="true" bounds="[0,1029][642,1193]">
                                          <node index="0" text="" resource-id="" class="android.view.ViewGroup" package="com.instagram.android" content-desc="" checkable="false" checked="false" clickable="false" enabled="true" focusable="false" focused="false" scrollable="false" long-clickable="false" password="false" selected="false" visible-to-user="true" bounds="[24,1029][642,1193]">
                                            <node index="0" text="" resource-id="" class="android.view.ViewGroup" package="com.instagram.android" content-desc="" checkable="false" checked="false" clickable="false" enabled="true" focusable="false" focused="false" scrollable="false" long-clickable="false" password="false" selected="false" visible-to-user="true" bounds="[24,1029][642,1095]">
                                              <node index="0" text="" resource-id="" class="android.view.View" package="com.instagram.android" content-desc="" checkable="false" checked="false" clickable="false" enabled="true" focusable="false" focused="false" scrollable="false" long-clickable="false" password="false" selected="false" visible-to-user="true" bounds="[24,1029][90,1095]" />
                                              <node index="1" text="" resource-id="" class="android.widget.ImageView" package="com.instagram.android" content-desc="Profile picture of argenby" checkable="false" checked="false" clickable="true" enabled="true" focusable="true" focused="false" scrollable="false" long-clickable="false" password="false" selected="false" visible-to-user="true" bounds="[28,1033][85,1090]" />
                                              <node NAF="true" index="2" text="" resource-id="" class="android.view.ViewGroup" package="com.instagram.android" content-desc="" checkable="false" checked="false" clickable="true" enabled="true" focusable="true" focused="false" scrollable="false" long-clickable="false" password="false" selected="false" visible-to-user="true" bounds="[90,1046][226,1079]">
                                                <node NAF="true" index="0" text="" resource-id="" class="android.view.ViewGroup" package="com.instagram.android" content-desc="" checkable="false" checked="false" clickable="true" enabled="true" focusable="true" focused="false" scrollable="false" long-clickable="false" password="false" selected="false" visible-to-user="true" bounds="[90,1046][226,1079]" />
                                              </node>
                                              <node index="3" text="Follow" resource-id="com.instagram.android:id/inline_follow_button" class="android.widget.Button" package="com.instagram.android" content-desc="Follow Argen | 94:5" checkable="false" checked="false" clickable="true" enabled="true" focusable="true" focused="false" scrollable="false" long-clickable="false" password="false" selected="true" visible-to-user="true" bounds="[235,1040][354,1084]" />
                                            </node>
                                            <node index="1" text="" resource-id="" class="android.view.ViewGroup" package="com.instagram.android" content-desc="" checkable="false" checked="false" clickable="false" enabled="true" focusable="false" focused="false" scrollable="false" long-clickable="false" password="false" selected="false" visible-to-user="true" bounds="[24,1095][642,1139]">
                                              <node NAF="true" index="0" text="" resource-id="" class="android.view.ViewGroup" package="com.instagram.android" content-desc="" checkable="false" checked="false" clickable="true" enabled="true" focusable="true" focused="false" scrollable="false" long-clickable="false" password="false" selected="false" visible-to-user="true" bounds="[24,1111][70,1132]" />
                                              <node NAF="true" index="1" text="" resource-id="" class="android.view.ViewGroup" package="com.instagram.android" content-desc="" checkable="false" checked="false" clickable="true" enabled="true" focusable="true" focused="false" scrollable="false" long-clickable="false" password="false" selected="false" visible-to-user="true" bounds="[70,1107][642,1136]" />
                                            </node>
                                            <node index="2" text="" resource-id="" class="android.view.ViewGroup" package="com.instagram.android" content-desc="argenby • Original audio" checkable="false" checked="false" clickable="true" enabled="true" focusable="true" focused="false" scrollable="false" long-clickable="false" password="false" selected="false" visible-to-user="true" bounds="[24,1139][306,1193]">
                                              <node index="0" text="" resource-id="" class="android.widget.ImageView" package="com.instagram.android" content-desc="" checkable="false" checked="false" clickable="false" enabled="true" focusable="false" focused="false" scrollable="false" long-clickable="false" password="false" selected="false" visible-to-user="true" bounds="[38,1161][286,1185]" />
                                            </node>
                                          </node>
                                        </node>
                                      </node>
                                      <node index="1" text="" resource-id="" class="android.view.ViewGroup" package="com.instagram.android" content-desc="" checkable="false" checked="false" clickable="false" enabled="true" focusable="false" focused="false" scrollable="false" long-clickable="false" password="false" selected="false" visible-to-user="true" bounds="[642,749][720,1214]">
                                        <node index="0" text="" resource-id="" class="android.view.ViewGroup" package="com.instagram.android" content-desc="" checkable="false" checked="false" clickable="false" enabled="true" focusable="false" focused="false" scrollable="false" long-clickable="false" password="false" selected="false" visible-to-user="true" bounds="[642,749][708,1190]">
                                          <node index="0" text="" resource-id="com.instagram.android:id/like_button" class="android.widget.ImageView" package="com.instagram.android" content-desc="Like" checkable="false" checked="false" clickable="true" enabled="true" focusable="true" focused="false" scrollable="false" long-clickable="false" password="false" selected="false" visible-to-user="true" bounds="[642,749][708,815]" />
                                          <node index="1" text="" resource-id="" class="android.view.ViewGroup" package="com.instagram.android" content-desc="Like number is1785308. View likes" checkable="false" checked="false" clickable="true" enabled="true" focusable="true" focused="false" scrollable="false" long-clickable="false" password="false" selected="false" visible-to-user="true" bounds="[642,815][708,856]" />
                                          <node index="2" text="" resource-id="" class="android.widget.ImageView" package="com.instagram.android" content-desc="Comment" checkable="false" checked="false" clickable="true" enabled="true" focusable="false" focused="false" scrollable="false" long-clickable="false" password="false" selected="false" visible-to-user="true" bounds="[642,856][708,922]" />
                                          <node index="3" text="" resource-id="" class="android.view.ViewGroup" package="com.instagram.android" content-desc="Comment number is3378. View comments" checkable="false" checked="false" clickable="true" enabled="true" focusable="true" focused="false" scrollable="false" long-clickable="false" password="false" selected="false" visible-to-user="true" bounds="[642,922][708,963]" />
                                          <node index="4" text="" resource-id="" class="android.widget.ImageView" package="com.instagram.android" content-desc="Share" checkable="false" checked="false" clickable="true" enabled="true" focusable="false" focused="false" scrollable="false" long-clickable="true" password="false" selected="false" visible-to-user="true" bounds="[642,963][708,1029]" />
                                          <node index="5" text="" resource-id="" class="android.view.ViewGroup" package="com.instagram.android" content-desc="Reshare number is477204" checkable="false" checked="false" clickable="true" enabled="true" focusable="true" focused="false" scrollable="false" long-clickable="true" password="false" selected="false" visible-to-user="true" bounds="[642,1029][708,1070]" />
                                          <node index="6" text="" resource-id="com.instagram.android:id/reels_ufi_more_button_component" class="android.widget.ImageView" package="com.instagram.android" content-desc="More" checkable="false" checked="false" clickable="true" enabled="true" focusable="false" focused="false" scrollable="false" long-clickable="false" password="false" selected="false" visible-to-user="true" bounds="[642,1070][708,1136]" />
                                          <node index="7" text="" resource-id="" class="android.view.ViewGroup" package="com.instagram.android" content-desc="" checkable="false" checked="false" clickable="false" enabled="true" focusable="false" focused="false" scrollable="false" long-clickable="false" password="false" selected="false" visible-to-user="true" bounds="[654,1148][696,1190]">
                                            <node index="0" text="" resource-id="" class="android.widget.ImageView" package="com.instagram.android" content-desc="Audio" checkable="false" checked="false" clickable="true" enabled="true" focusable="true" focused="false" scrollable="false" long-clickable="false" password="false" selected="false" visible-to-user="true" bounds="[654,1148][696,1190]" />
                                          </node>
                                        </node>
                                      </node>
                                    </node>
                                    <node index="5" text="" resource-id="" class="android.view.ViewGroup" package="com.instagram.android" content-desc="" checkable="false" checked="false" clickable="false" enabled="true" focusable="false" focused="false" scrollable="false" long-clickable="false" password="false" selected="false" visible-to-user="true" bounds="[0,825][720,1214]">
                                      <node index="0" text="" resource-id="" class="android.view.ViewGroup" package="com.instagram.android" content-desc="" checkable="false" checked="false" clickable="false" enabled="true" focusable="false" focused="false" scrollable="false" long-clickable="false" password="false" selected="false" visible-to-user="true" bounds="[0,825][720,1214]" />
                                    </node>
                                  </node>
                                </node>
                              </node>
                            </node>
                          </node>
                        </node>
                      </node>
                    </node>
                    <node index="1" text="" resource-id="com.instagram.android:id/action_bar_container" class="android.widget.FrameLayout" package="com.instagram.android" content-desc="" checkable="false" checked="false" clickable="false" enabled="true" focusable="false" focused="false" scrollable="false" long-clickable="false" password="false" selected="false" visible-to-user="true" bounds="[0,36][720,120]">
                      <node index="0" text="" resource-id="com.instagram.android:id/action_bar_wrapper" class="android.widget.FrameLayout" package="com.instagram.android" content-desc="" checkable="false" checked="false" clickable="false" enabled="true" focusable="false" focused="false" scrollable="false" long-clickable="false" password="false" selected="false" visible-to-user="true" bounds="[0,36][720,120]">
                        <node index="0" text="" resource-id="com.instagram.android:id/action_bar" class="android.widget.LinearLayout" package="com.instagram.android" content-desc="" checkable="false" checked="false" clickable="true" enabled="true" focusable="true" focused="false" scrollable="false" long-clickable="false" password="false" selected="false" visible-to-user="true" bounds="[0,36][720,120]">
                          <node index="0" text="" resource-id="com.instagram.android:id/action_bar_new_title_container" class="android.widget.LinearLayout" package="com.instagram.android" content-desc="" checkable="false" checked="false" clickable="true" enabled="true" focusable="true" focused="false" scrollable="false" long-clickable="false" password="false" selected="false" visible-to-user="true" bounds="[0,36][636,120]">
                            <node index="0" text="" resource-id="com.instagram.android:id/action_bar_button_back" class="android.widget.ImageView" package="com.instagram.android" content-desc="Back" checkable="false" checked="false" clickable="true" enabled="true" focusable="true" focused="false" scrollable="false" long-clickable="false" password="false" selected="false" visible-to-user="true" bounds="[0,36][84,120]" />
                            <node index="1" text="" resource-id="" class="android.widget.LinearLayout" package="com.instagram.android" content-desc="" checkable="false" checked="false" clickable="false" enabled="true" focusable="false" focused="false" scrollable="false" long-clickable="false" password="false" selected="false" visible-to-user="true" bounds="[84,57][213,98]">
                              <node index="0" text="" resource-id="" class="android.widget.LinearLayout" package="com.instagram.android" content-desc="" checkable="false" checked="false" clickable="false" enabled="true" focusable="false" focused="false" scrollable="false" long-clickable="false" password="false" selected="false" visible-to-user="true" bounds="[84,57][213,98]">
                                <node index="0" text="Reels" resource-id="com.instagram.android:id/action_bar_title" class="android.widget.TextView" package="com.instagram.android" content-desc="Reels" checkable="false" checked="false" clickable="true" enabled="true" focusable="true" focused="false" scrollable="false" long-clickable="false" password="false" selected="false" visible-to-user="true" bounds="[108,57][195,98]" />
                              </node>
                            </node>
                          </node>
                          <node index="1" text="" resource-id="com.instagram.android:id/clips_viewer_camera_button" class="android.widget.Button" package="com.instagram.android" content-desc="Create a reel" checkable="false" checked="false" clickable="true" enabled="true" focusable="true" focused="false" scrollable="false" long-clickable="false" password="false" selected="false" visible-to-user="true" bounds="[636,45][708,111]" />
                        </node>
                      </node>
                    </node>
                    <node index="2" text="" resource-id="com.instagram.android:id/tab_bar_shadow" class="android.view.View" package="com.instagram.android" content-desc="" checkable="false" checked="false" clickable="false" enabled="true" focusable="false" focused="false" scrollable="false" long-clickable="false" password="false" selected="false" visible-to-user="true" bounds="[0,1213][720,1214]" />
                    <node index="3" text="" resource-id="com.instagram.android:id/tab_bar" class="android.widget.LinearLayout" package="com.instagram.android" content-desc="" checkable="false" checked="false" clickable="false" enabled="true" focusable="false" focused="false" scrollable="false" long-clickable="false" password="false" selected="false" visible-to-user="true" bounds="[0,1214][720,1280]">
                      <node index="0" text="" resource-id="com.instagram.android:id/feed_tab" class="android.widget.FrameLayout" package="com.instagram.android" content-desc="Home" checkable="false" checked="false" clickable="true" enabled="true" focusable="true" focused="false" scrollable="false" long-clickable="false" password="false" selected="true" visible-to-user="true" bounds="[0,1214][144,1280]">
                        <node index="0" text="" resource-id="com.instagram.android:id/wrapper" class="android.view.ViewGroup" package="com.instagram.android" content-desc="" checkable="false" checked="false" clickable="false" enabled="true" focusable="false" focused="false" scrollable="false" long-clickable="false" password="false" selected="true" visible-to-user="true" bounds="[0,1214][144,1280]">
                          <node index="0" text="" resource-id="com.instagram.android:id/container" class="android.widget.FrameLayout" package="com.instagram.android" content-desc="" checkable="false" checked="false" clickable="false" enabled="true" focusable="false" focused="false" scrollable="false" long-clickable="false" password="false" selected="true" visible-to-user="true" bounds="[54,1229][90,1265]">
                            <node index="0" text="" resource-id="com.instagram.android:id/tab_icon" class="android.widget.ImageView" package="com.instagram.android" content-desc="" checkable="false" checked="false" clickable="false" enabled="true" focusable="false" focused="false" scrollable="false" long-clickable="false" password="false" selected="true" visible-to-user="true" bounds="[54,1229][90,1265]" />
                          </node>
                        </node>
                      </node>
                      <node index="1" text="" resource-id="com.instagram.android:id/search_tab" class="android.widget.FrameLayout" package="com.instagram.android" content-desc="Search and explore" checkable="false" checked="false" clickable="true" enabled="true" focusable="true" focused="false" scrollable="false" long-clickable="true" password="false" selected="false" visible-to-user="true" bounds="[144,1214][288,1280]">
                        <node index="0" text="" resource-id="com.instagram.android:id/tab_icon" class="android.widget.ImageView" package="com.instagram.android" content-desc="" checkable="false" checked="false" clickable="false" enabled="true" focusable="false" focused="false" scrollable="false" long-clickable="false" password="false" selected="false" visible-to-user="true" bounds="[198,1229][234,1265]" />
                      </node>
                      <node index="2" text="" resource-id="com.instagram.android:id/creation_tab" class="android.widget.FrameLayout" package="com.instagram.android" content-desc="Camera" checkable="false" checked="false" clickable="true" enabled="true" focusable="true" focused="false" scrollable="false" long-clickable="false" password="false" selected="false" visible-to-user="true" bounds="[288,1214][432,1280]">
                        <node index="0" text="" resource-id="com.instagram.android:id/tab_icon" class="android.widget.ImageView" package="com.instagram.android" content-desc="" checkable="false" checked="false" clickable="false" enabled="true" focusable="false" focused="false" scrollable="false" long-clickable="false" password="false" selected="false" visible-to-user="true" bounds="[342,1229][378,1265]" />
                      </node>
                      <node index="3" text="" resource-id="com.instagram.android:id/clips_tab" class="android.widget.FrameLayout" package="com.instagram.android" content-desc="Reels" checkable="false" checked="false" clickable="true" enabled="true" focusable="true" focused="false" scrollable="false" long-clickable="false" password="false" selected="false" visible-to-user="true" bounds="[432,1214][576,1280]">
                        <node index="0" text="" resource-id="com.instagram.android:id/tab_icon" class="android.widget.ImageView" package="com.instagram.android" content-desc="" checkable="false" checked="false" clickable="false" enabled="true" focusable="false" focused="false" scrollable="false" long-clickable="false" password="false" selected="false" visible-to-user="true" bounds="[486,1229][522,1265]" />
                      </node>
                      <node index="4" text="" resource-id="com.instagram.android:id/profile_tab" class="android.widget.FrameLayout" package="com.instagram.android" content-desc="Profile" checkable="false" checked="false" clickable="true" enabled="true" focusable="true" focused="false" scrollable="false" long-clickable="true" password="false" selected="false" visible-to-user="true" bounds="[576,1214][720,1280]">
                        <node index="0" text="" resource-id="com.instagram.android:id/wrapper" class="android.view.ViewGroup" package="com.instagram.android" content-desc="" checkable="false" checked="false" clickable="false" enabled="true" focusable="false" focused="false" scrollable="false" long-clickable="false" password="false" selected="false" visible-to-user="true" bounds="[576,1214][720,1280]">
                          <node index="0" text="" resource-id="com.instagram.android:id/container" class="android.widget.FrameLayout" package="com.instagram.android" content-desc="" checkable="false" checked="false" clickable="false" enabled="true" focusable="false" focused="false" scrollable="false" long-clickable="false" password="false" selected="false" visible-to-user="true" bounds="[626,1225][671,1270]">
                            <node index="0" text="" resource-id="com.instagram.android:id/tab_avatar" class="android.widget.ImageView" package="com.instagram.android" content-desc="" checkable="false" checked="false" clickable="false" enabled="true" focusable="false" focused="false" scrollable="false" long-clickable="false" password="false" selected="false" visible-to-user="true" bounds="[626,1225][671,1270]" />
                          </node>
                          <node index="1" text="" resource-id="com.instagram.android:id/dot_badge" class="android.view.View" package="com.instagram.android" content-desc="" checkable="false" checked="false" clickable="false" enabled="true" focusable="false" focused="false" scrollable="false" long-clickable="false" password="false" selected="false" visible-to-user="true" bounds="[646,1273][652,1279]" />
                        </node>
                      </node>
                    </node>
                  </node>
                </node>
              </node>
            </node>
          </node>
        </node>
      </node>
    </node>
  </node>
</hierarchy>