<?xml version='1.0' encoding='UTF-8' standalone='yes' ?>
<hierarchy rotation="0">
  <node index="0" text="" resource-id="" class="android.widget.FrameLayout" package="com.android.systemui" content-desc="" checkable="false" checked="false" clickable="false" enabled="true" focusable="false" focused="false" scrollable="false" long-clickable="false" password="false" selected="false" visible-to-user="true" bounds="[0,0][1080,54]">
    <node index="0" text="" resource-id="com.android.systemui:id/scrim_in_front" class="android.view.View" package="com.android.systemui" content-desc="" checkable="false" checked="false" clickable="false" enabled="true" focusable="true" focused="false" scrollable="false" long-clickable="false" password="false" selected="false" visible-to-user="true" bounds="[0,0][1080,54]" />
    <node index="1" text="" resource-id="com.android.systemui:id/scrim_behind" class="android.view.View" package="com.android.systemui" content-desc="" checkable="false" checked="false" clickable="false" enabled="true" focusable="true" focused="false" scrollable="false" long-clickable="false" password="false" selected="false" visible-to-user="true" bounds="[0,0][1080,54]" />
    <node index="2" text="" resource-id="com.android.systemui:id/status_bar_container" class="android.widget.FrameLayout" package="com.android.systemui" content-desc="" checkable="false" checked="false" clickable="false" enabled="true" focusable="false" focused="false" scrollable="false" long-clickable="false" password="false" selected="false" visible-to-user="true" bounds="[0,0][1080,54]">
      <node index="0" text="" resource-id="com.android.systemui:id/status_bar" class="android.widget.FrameLayout" package="com.android.systemui" content-desc="" checkable="false" checked="false" clickable="false" enabled="true" focusable="false" focused="false" scrollable="false" long-clickable="false" password="false" selected="false" visible-to-user="true" bounds="[0,0][1080,54]">
        <node index="0" text="" resource-id="com.android.systemui:id/status_bar_contents" class="android.widget.LinearLayout" package="com.android.systemui" content-desc="" checkable="false" checked="false" clickable="false" enabled="true" focusable="false" focused="false" scrollable="false" long-clickable="false" password="false" selected="false" visible-to-user="true" bounds="[18,0][1062,54]">
          <node index="0" text="" resource-id="" class="android.widget.FrameLayout" package="com.android.systemui" content-desc="" checkable="false" checked="false" clickable="false" enabled="true" focusable="false" focused="false" scrollable="false" long-clickable="false" password="false" selected="false" visible-to-user="true" bounds="[32,0][540,54]">
            <node index="0" text="" resource-id="com.android.systemui:id/status_bar_left_side" class="android.widget.LinearLayout" package="com.android.systemui" content-desc="" checkable="false" checked="false" clickable="false" enabled="true" focusable="false" focused="false" scrollable="false" long-clickable="false" password="false" selected="false" visible-to-user="true" bounds="[32,0][540,54]">
              <node index="0" text="2:21" resource-id="com.android.systemui:id/clock" class="android.widget.TextView" package="com.android.systemui" content-desc="2:21 AM" checkable="false" checked="false" clickable="false" enabled="true" focusable="false" focused="false" scrollable="false" long-clickable="false" password="false" selected="false" visible-to-user="true" bounds="[32,0][118,54]" />
              <node index="1" text="" resource-id="com.android.systemui:id/notification_icon_area" class="android.widget.FrameLayout" package="com.android.systemui" content-desc="" checkable="false" checked="false" clickable="false" enabled="true" focusable="false" focused="false" scrollable="false" long-clickable="false" password="false" selected="false" visible-to-user="true" bounds="[118,0][540,54]">
                <node index="0" text="" resource-id="com.android.systemui:id/notification_icon_area_inner" class="android.widget.LinearLayout" package="com.android.systemui" content-desc="" checkable="false" checked="false" clickable="false" enabled="true" focusable="false" focused="false" scrollable="false" long-clickable="false" password="false" selected="false" visible-to-user="true" bounds="[118,0][540,54]">
                  <node index="0" text="" resource-id="com.android.systemui:id/notificationIcons" class="android.widget.FrameLayout" package="com.android.systemui" content-desc="" checkable="false" checked="false" clickable="false" enabled="true" focusable="false" focused="false" scrollable="false" long-clickable="false" password="false" selected="false" visible-to-user="true" bounds="[118,0][540,54]">
                    <node index="0" text="" resource-id="" class="android.widget.ImageView" package="com.android.systemui" content-desc="Android System notification: Configure physical keyboard" checkable="false" checked="false" clickable="false" enabled="true" focusable="false" focused="false" scrollable="false" long-clickable="false" password="false" selected="false" visible-to-user="true" bounds="[118,0][168,54]" />
                  </node>
                </node>
              </node>
            </node>
          </node>
          <node index="1" text="" resource-id="com.android.systemui:id/system_icon_area" class="android.widget.LinearLayout" package="com.android.systemui" content-desc="" checkable="false" checked="false" clickable="false" enabled="true" focusable="false" focused="false" scrollable="false" long-clickable="false" password="false" selected="false" visible-to-user="true" bounds="[540,0][1048,54]">
            <node index="0" text="" resource-id="com.android.systemui:id/system_icons" class="android.widget.LinearLayout" package="com.android.systemui" content-desc="" checkable="false" checked="false" clickable="false" enabled="true" focusable="false" focused="false" scrollable="false" long-clickable="false" password="false" selected="false" visible-to-user="true" bounds="[540,0][1048,54]">
              <node index="0" text="" resource-id="com.android.systemui:id/statusIcons" class="android.widget.LinearLayout" package="com.android.systemui" content-desc="" checkable="false" checked="false" clickable="false" enabled="true" focusable="false" focused="false" scrollable="false" long-clickable="false" password="false" selected="false" visible-to-user="true" bounds="[540,0][1029,54]">
                <node index="0" text="" resource-id="com.android.systemui:id/wifi_combo" class="android.widget.FrameLayout" package="com.android.systemui" content-desc="Wifi signal full." checkable="false" checked="false" clickable="false" enabled="true" focusable="false" focused="false" scrollable="false" long-clickable="false" password="false" selected="false" visible-to-user="true" bounds="[972,2][1015,52]">
                  <node index="0" text="" resource-id="com.android.systemui:id/wifi_group" class="android.widget.LinearLayout" package="com.android.systemui" content-desc="" checkable="false" checked="false" clickable="false" enabled="true" focusable="false" focused="false" scrollable="false" long-clickable="false" password="false" selected="false" visible-to-user="true" bounds="[978,2][1015,52]">
                    <node index="0" text="" resource-id="com.android.systemui:id/wifi_combo" class="android.widget.FrameLayout" package="com.android.systemui" content-desc="" checkable="false" checked="false" clickable="false" enabled="true" focusable="false" focused="false" scrollable="false" long-clickable="false" password="false" selected="false" visible-to-user="true" bounds="[978,10][1015,44]">
                      <node index="0" text="" resource-id="com.android.systemui:id/wifi_signal" class="android.widget.ImageView" package="com.android.systemui" content-desc="" checkable="false" checked="false" clickable="false" enabled="true" focusable="false" focused="false" scrollable="false" long-clickable="false" password="false" selected="false" visible-to-user="true" bounds="[978,10][1015,44]" />
                    </node>
                  </node>
                </node>
              </node>
              <node index="1" text="" resource-id="com.android.systemui:id/battery" class="android.widget.LinearLayout" package="com.android.systemui" content-desc="Battery charging, 100 percent." checkable="false" checked="false" clickable="false" enabled="true" focusable="false" focused="false" scrollable="false" long-clickable="false" password="false" selected="false" visible-to-user="true" bounds="[1029,0][1048,54]">
                <node index="0" text="" resource-id="" class="android.widget.ImageView" package="com.android.systemui" content-desc="" checkable="false" checked="false" clickable="false" enabled="true" focusable="false" focused="false" scrollable="false" long-clickable="false" password="false" selected="false" visible-to-user="true" bounds="[1029,12][1048,41]" />
              </node>
            </node>
          </node>
        </node>
      </node>
    </node>
  </node>
  <node index="0" text="" resource-id="" class="android.widget.FrameLayout" package="com.instagram.android" content-desc="" checkable="false" checked="false" clickable="false" enabled="true" focusable="false" focused="false" scrollable="false" long-clickable="false" password="false" selected="false" visible-to-user="true" bounds="[0,0][1080,1920]">
    <node index="0" text="" resource-id="" class="android.widget.LinearLayout" package="com.instagram.android" content-desc="" checkable="false" checked="false" clickable="false" enabled="true" focusable="false" focused="false" scrollable="false" long-clickable="false" password="false" selected="false" visible-to-user="true" bounds="[0,0][1080,1920]">
      <node index="0" text="" resource-id="" class="android.widget.FrameLayout" package="com.instagram.android" content-desc="" checkable="false" checked="false" clickable="false" enabled="true" focusable="false" focused="false" scrollable="false" long-clickable="false" password="false" selected="false" visible-to-user="true" bounds="[0,0][1080,1920]">
        <node index="0" text="" resource-id="com.instagram.android:id/action_bar_root" class="android.widget.LinearLayout" package="com.instagram.android" content-desc="" checkable="false" checked="false" clickable="false" enabled="true" focusable="false" focused="false" scrollable="false" long-clickable="false" password="false" selected="false" visible-to-user="true" bounds="[0,0][1080,1920]">
          <node index="0" text="" resource-id="android:id/content" class="android.widget.FrameLayout" package="com.instagram.android" content-desc="" checkable="false" checked="false" clickable="false" enabled="true" focusable="false" focused="false" scrollable="false" long-clickable="false" password="false" selected="false" visible-to-user="true" bounds="[0,0][1080,1920]">
            <node index="0" text="" resource-id="com.instagram.android:id/swipe_navigation_container" class="android.widget.FrameLayout" package="com.instagram.android" content-desc="" checkable="false" checked="false" clickable="false" enabled="true" focusable="false" focused="false" scrollable="false" long-clickable="false" password="false" selected="false" visible-to-user="true" bounds="[0,0][1080,1920]">
              <node index="0" text="" resource-id="com.instagram.android:id/bottom_sheet_camera_container" class="android.widget.FrameLayout" package="com.instagram.android" content-desc="" checkable="false" checked="false" clickable="false" enabled="true" focusable="false" focused="false" scrollable="false" long-clickable="false" password="false" selected="false" visible-to-user="true" bounds="[0,0][1080,1920]" />
              <node index="2" text="" resource-id="com.instagram.android:id/layout_container_center_right_coordinator_layout" class="android.view.ViewGroup" package="com.instagram.android" content-desc="" checkable="false" checked="false" clickable="false" enabled="true" focusable="false" focused="false" scrollable="false" long-clickable="false" password="false" selected="false" visible-to-user="true" bounds="[0,0][1080,1920]">
                <node index="1" text="" resource-id="com.instagram.android:id/layout_container_main_panel" class="android.widget.FrameLayout" package="com.instagram.android" content-desc="" checkable="false" checked="false" clickable="false" enabled="true" focusable="false" focused="false" scrollable="false" long-clickable="false" password="false" selected="false" visible-to-user="true" bounds="[0,54][1080,1920]">
                  <node index="0" text="" resource-id="com.instagram.android:id/layout_container_main" class="android.widget.FrameLayout" package="com.instagram.android" content-desc="" checkable="false" checked="false" clickable="false" enabled="true" focusable="false" focused="false" scrollable="false" long-clickable="false" password="false" selected="false" visible-to-user="true" bounds="[0,54][1080,1920]">
                    <node index="0" text="" resource-id="com.instagram.android:id/user_detail_fragment" class="android.widget.FrameLayout" package="com.instagram.android" content-desc="" checkable="false" checked="false" clickable="false" enabled="true" focusable="false" focused="false" scrollable="false" long-clickable="false" password="false" selected="false" visible-to-user="true" bounds="[0,54][1080,1920]">
                      <node index="0" text="" resource-id="com.instagram.android:id/coordinator_root_layout" class="android.view.ViewGroup" package="com.instagram.android" content-desc="" checkable="false" checked="false" clickable="false" enabled="true" focusable="false" focused="false" scrollable="false" long-clickable="false" password="false" selected="false" visible-to-user="true" bounds="[0,180][1080,1821]">
                        <node index="0" text="" resource-id="com.instagram.android:id/tab_appbar" class="android.widget.LinearLayout" package="com.instagram.android" content-desc="" checkable="false" checked="false" clickable="false" enabled="true" focusable="false" focused="false" scrollable="false" long-clickable="false" password="false" selected="false" visible-to-user="true" bounds="[0,180][1080,1821]">
                          <node index="0" text="" resource-id="com.instagram.android:id/profile_header_container" class="android.widget.LinearLayout" package="com.instagram.android" content-desc="" checkable="false" checked="false" clickable="false" enabled="true" focusable="false" focused="false" scrollable="false" long-clickable="false" password="false" selected="false" visible-to-user="true" bounds="[0,180][1080,1821]">
                            <node index="0" text="" resource-id="com.instagram.android:id/profile_header_fixed_list" class="android.widget.LinearLayout" package="com.instagram.android" content-desc="" checkable="false" checked="false" clickable="false" enabled="true" focusable="false" focused="false" scrollable="false" long-clickable="false" password="false" selected="false" visible-to-user="true" bounds="[0,180][1080,1727]">
                              <node index="1" text="" resource-id="com.instagram.android:id/row_profile_header" class="android.view.ViewGroup" package="com.instagram.android" content-desc="" checkable="false" checked="false" clickable="false" enabled="true" focusable="false" focused="false" scrollable="false" long-clickable="false" password="false" selected="false" visible-to-user="true" bounds="[0,180][1080,667]">
                                <node index="0" text="" resource-id="com.instagram.android:id/profile_header_avatar_container_top_left_stub" class="android.view.ViewGroup" package="com.instagram.android" content-desc="" checkable="false" checked="false" clickable="false" enabled="true" focusable="false" focused="false" scrollable="false" long-clickable="false" password="false" selected="false" visible-to-user="true" bounds="[36,198][248,410]">
                                  <node index="0" text="" resource-id="com.instagram.android:id/row_profile_header_imageview" class="android.widget.ImageView" package="com.instagram.android" content-desc="Profile picture of cryptocaffeinejunky" checkable="false" checked="false" clickable="true" enabled="true" focusable="true" focused="false" scrollable="false" long-clickable="true" password="false" selected="false" visible-to-user="true" bounds="[45,207][239,401]" />
                                </node>
                                <node index="1" text="" resource-id="" class="android.view.ViewGroup" package="com.instagram.android" content-desc="" checkable="false" checked="false" clickable="false" enabled="true" focusable="false" focused="false" scrollable="false" long-clickable="false" password="false" selected="false" visible-to-user="true" bounds="[284,198][1044,410]">
                                  <node index="0" text="" resource-id="com.instagram.android:id/row_profile_header_post_count_container" class="" package="com.instagram.android" content-desc="11Posts" checkable="false" checked="false" clickable="true" enabled="true" focusable="true" focused="false" scrollable="false" long-clickable="false" password="false" selected="false" visible-to-user="true" bounds="[284,198][530,410]">
                                    <node index="0" text="11" resource-id="com.instagram.android:id/row_profile_header_textview_post_count" class="android.widget.TextView" package="com.instagram.android" content-desc="" checkable="false" checked="false" clickable="false" enabled="true" focusable="false" focused="false" scrollable="false" long-clickable="false" password="false" selected="false" visible-to-user="true" bounds="[284,254][530,310]" />
                                    <node index="1" text="Posts" resource-id="" class="android.widget.TextView" package="com.instagram.android" content-desc="" checkable="false" checked="false" clickable="false" enabled="true" focusable="false" focused="false" scrollable="false" long-clickable="false" password="false" selected="false" visible-to-user="true" bounds="[284,310][530,353]" />
                                  </node>
                                  <node index="1" text="" resource-id="com.instagram.android:id/row_profile_header_followers_container" class="" package="com.instagram.android" content-desc="34Followers" checkable="false" checked="false" clickable="true" enabled="true" focusable="true" focused="false" scrollable="false" long-clickable="false" password="false" selected="false" visible-to-user="true" bounds="[541,198][787,410]">
                                    <node index="0" text="34" resource-id="com.instagram.android:id/row_profile_header_textview_followers_count" class="android.widget.TextView" package="com.instagram.android" content-desc="" checkable="false" checked="false" clickable="false" enabled="true" focusable="false" focused="false" scrollable="false" long-clickable="false" password="false" selected="false" visible-to-user="true" bounds="[541,254][787,310]" />
                                    <node index="1" text="Followers" resource-id="com.instagram.android:id/row_profile_header_textview_followers_title" class="android.widget.TextView" package="com.instagram.android" content-desc="" checkable="false" checked="false" clickable="false" enabled="true" focusable="false" focused="false" scrollable="false" long-clickable="false" password="false" selected="false" visible-to-user="true" bounds="[541,310][787,353]" />
                                  </node>
                                  <node index="2" text="" resource-id="com.instagram.android:id/row_profile_header_following_container" class="" package="com.instagram.android" content-desc="208Following" checkable="false" checked="false" clickable="true" enabled="true" focusable="true" focused="false" scrollable="false" long-clickable="false" password="false" selected="false" visible-to-user="true" bounds="[798,198][1044,410]">
                                    <node index="0" text="208" resource-id="com.instagram.android:id/row_profile_header_textview_following_count" class="android.widget.TextView" package="com.instagram.android" content-desc="" checkable="false" checked="false" clickable="false" enabled="true" focusable="false" focused="false" scrollable="false" long-clickable="false" password="false" selected="false" visible-to-user="true" bounds="[798,254][1044,310]" />
                                    <node index="1" text="Following" resource-id="" class="android.widget.TextView" package="com.instagram.android" content-desc="" checkable="false" checked="false" clickable="false" enabled="true" focusable="false" focused="false" scrollable="false" long-clickable="false" password="false" selected="false" visible-to-user="true" bounds="[798,310][1044,353]" />
                                  </node>
                                </node>
                                <node index="2" text="Crypto Caffeine Junky" resource-id="com.instagram.android:id/profile_header_full_name" class="android.widget.TextView" package="com.instagram.android" content-desc="" checkable="false" checked="false" clickable="false" enabled="true" focusable="false" focused="false" scrollable="false" long-clickable="false" password="false" selected="false" visible-to-user="true" bounds="[36,410][354,466]" />
                                <node index="3" text="Crypto | NFT | Blockchain &#10;&#128640;News,memes &amp; all about crypto&#10;❌No fiat + CBDC = No problem&#128200;" resource-id="com.instagram.android:id/profile_header_bio_text" class="android.widget.TextView" package="com.instagram.android" content-desc="" checkable="false" checked="false" clickable="false" enabled="true" focusable="false" focused="false" scrollable="false" long-clickable="false" password="false" selected="false" visible-to-user="true" bounds="[36,466][1044,597]" />
                                <node index="4" text="tinyurl.com/2h5ke3p4" resource-id="com.instagram.android:id/profile_header_website" class="android.widget.Button" package="com.instagram.android" content-desc="" checkable="false" checked="false" clickable="true" enabled="true" focusable="true" focused="false" scrollable="false" long-clickable="false" password="false" selected="false" visible-to-user="true" bounds="[36,597][1044,640]" />
                              </node>
                              <node index="2" text="" resource-id="" class="android.widget.LinearLayout" package="com.instagram.android" content-desc="" checkable="false" checked="false" clickable="false" enabled="true" focusable="false" focused="false" scrollable="false" long-clickable="false" password="false" selected="false" visible-to-user="true" bounds="[0,667][1080,1367]">
                                <node index="0" text="" resource-id="com.instagram.android:id/profile_header_actions_top_row" class="android.widget.LinearLayout" package="com.instagram.android" content-desc="" checkable="false" checked="false" clickable="false" enabled="true" focusable="false" focused="false" scrollable="false" long-clickable="false" password="false" selected="false" visible-to-user="true" bounds="[0,667][1080,744]">
                                  <node index="0" text="" resource-id="" class="android.widget.Button" package="com.instagram.android" content-desc="" checkable="false" checked="false" clickable="true" enabled="true" focusable="false" focused="false" scrollable="false" long-clickable="false" password="false" selected="false" visible-to-user="true" bounds="[27,667][962,744]">
                                    <node index="0" text="Edit profile" resource-id="com.instagram.android:id/button_text" class="android.widget.Button" package="com.instagram.android" content-desc="" checkable="false" checked="false" clickable="true" enabled="true" focusable="false" focused="false" scrollable="false" long-clickable="false" password="false" selected="false" visible-to-user="true" bounds="[413,682][575,728]" />
                                  </node>
                                  <node index="1" text="" resource-id="com.instagram.android:id/row_profile_header_button_chaining" class="android.widget.Button" package="com.instagram.android" content-desc="Discover people" checkable="false" checked="false" clickable="true" enabled="true" focusable="true" focused="false" scrollable="false" long-clickable="false" password="false" selected="false" visible-to-user="true" bounds="[976,667][1053,744]">
                                    <node index="0" text="" resource-id="com.instagram.android:id/chaining_button" class="android.widget.ImageView" package="com.instagram.android" content-desc="" checkable="false" checked="false" clickable="false" enabled="true" focusable="false" focused="false" scrollable="false" long-clickable="false" password="false" selected="true" visible-to-user="true" bounds="[976,667][1053,744]" />
                                  </node>
                                </node>
                                <node index="1" text="" resource-id="com.instagram.android:id/similar_accounts_container" class="android.widget.LinearLayout" package="com.instagram.android" content-desc="" checkable="false" checked="false" clickable="false" enabled="true" focusable="false" focused="false" scrollable="false" long-clickable="false" password="false" selected="false" visible-to-user="true" bounds="[0,771][1080,1362]">
                                  <node index="0" text="" resource-id="" class="android.widget.LinearLayout" package="com.instagram.android" content-desc="" checkable="false" checked="false" clickable="false" enabled="true" focusable="false" focused="false" scrollable="false" long-clickable="false" password="false" selected="false" visible-to-user="true" bounds="[0,771][1080,1362]">
                                    <node index="0" text="" resource-id="com.instagram.android:id/similar_accounts_carousel_header" class="android.view.ViewGroup" package="com.instagram.android" content-desc="" checkable="false" checked="false" clickable="false" enabled="true" focusable="false" focused="false" scrollable="false" long-clickable="false" password="false" selected="false" visible-to-user="true" bounds="[0,771][1080,861]">
                                      <node index="0" text="Discover people" resource-id="com.instagram.android:id/similar_accounts_carousel_title" class="android.widget.TextView" package="com.instagram.android" content-desc="" checkable="false" checked="false" clickable="false" enabled="true" focusable="false" focused="false" scrollable="false" long-clickable="false" password="false" selected="false" visible-to-user="true" bounds="[36,790][265,833]" />
                                      <node index="1" text="See All" resource-id="com.instagram.android:id/netego_carousel_cta" class="android.widget.Button" package="com.instagram.android" content-desc="" checkable="false" checked="false" clickable="true" enabled="true" focusable="true" focused="false" scrollable="false" long-clickable="false" password="false" selected="false" visible-to-user="true" bounds="[919,790][1044,833]" />
                                    </node>
                                    <node index="1" text="" resource-id="com.instagram.android:id/similar_accounts_carousel_recycler_view" class="androidx.recyclerview.widget.RecyclerView" package="com.instagram.android" content-desc="" checkable="false" checked="false" clickable="false" enabled="true" focusable="true" focused="false" scrollable="true" long-clickable="false" password="false" selected="false" visible-to-user="true" bounds="[0,861][1080,1344]">
                                      <node index="0" text="" resource-id="" class="android.widget.FrameLayout" package="com.instagram.android" content-desc="" checkable="false" checked="false" clickable="false" enabled="true" focusable="false" focused="false" scrollable="false" long-clickable="false" password="false" selected="false" visible-to-user="true" bounds="[36,861][387,1344]">
                                        <node index="0" text="" resource-id="com.instagram.android:id/suggested_entity_card_container" class="android.widget.LinearLayout" package="com.instagram.android" content-desc="" checkable="false" checked="false" clickable="true" enabled="true" focusable="true" focused="false" scrollable="false" long-clickable="false" password="false" selected="false" visible-to-user="true" bounds="[36,861][387,1339]">
                                          <node index="0" text="" resource-id="" class="android.widget.FrameLayout" package="com.instagram.android" content-desc="" checkable="false" checked="false" clickable="false" enabled="true" focusable="false" focused="false" scrollable="false" long-clickable="false" password="false" selected="false" visible-to-user="true" bounds="[112,888][310,1113]">
                                            <node index="0" text="" resource-id="com.instagram.android:id/suggested_entity_card_image" class="android.widget.ImageView" package="com.instagram.android" content-desc="" checkable="false" checked="false" clickable="false" enabled="true" focusable="false" focused="false" scrollable="false" long-clickable="false" password="false" selected="false" visible-to-user="true" bounds="[112,888][310,1086]" />
                                          </node>
                                          <node index="1" text="Suzana yobele" resource-id="com.instagram.android:id/suggested_entity_card_name" class="android.widget.TextView" package="com.instagram.android" content-desc="" checkable="false" checked="false" clickable="false" enabled="true" focusable="false" focused="false" scrollable="false" long-clickable="false" password="false" selected="false" visible-to-user="true" bounds="[108,1113][315,1151]" />
                                          <node index="2" text="Suggested for you" resource-id="com.instagram.android:id/suggested_entity_card_context" class="android.widget.TextView" package="com.instagram.android" content-desc="" checkable="false" checked="false" clickable="false" enabled="true" focusable="false" focused="false" scrollable="false" long-clickable="false" password="false" selected="false" visible-to-user="true" bounds="[103,1158][320,1249]" />
                                          <node index="3" text="Follow" resource-id="com.instagram.android:id/suggested_user_card_follow_button" class="android.widget.Button" package="com.instagram.android" content-desc="Follow Suzana yobele" checkable="false" checked="false" clickable="true" enabled="true" focusable="true" focused="false" scrollable="false" long-clickable="true" password="false" selected="false" visible-to-user="true" bounds="[63,1249][360,1312]" />
                                        </node>
                                        <node index="1" text="" resource-id="com.instagram.android:id/dismiss_button" class="android.widget.ImageView" package="com.instagram.android" content-desc="Dismiss" checkable="false" checked="false" clickable="true" enabled="true" focusable="true" focused="false" scrollable="false" long-clickable="false" password="false" selected="false" visible-to-user="true" bounds="[315,861][387,933]" />
                                      </node>
                                      <node index="1" text="" resource-id="" class="android.widget.FrameLayout" package="com.instagram.android" content-desc="" checkable="false" checked="false" clickable="false" enabled="true" focusable="false" focused="false" scrollable="false" long-clickable="false" password="false" selected="false" visible-to-user="true" bounds="[396,861][747,1344]">
                                        <node index="0" text="" resource-id="com.instagram.android:id/suggested_entity_card_container" class="android.widget.LinearLayout" package="com.instagram.android" content-desc="" checkable="false" checked="false" clickable="true" enabled="true" focusable="true" focused="false" scrollable="false" long-clickable="false" password="false" selected="false" visible-to-user="true" bounds="[396,861][747,1339]">
                                          <node index="0" text="" resource-id="" class="android.widget.FrameLayout" package="com.instagram.android" content-desc="" checkable="false" checked="false" clickable="false" enabled="true" focusable="false" focused="false" scrollable="false" long-clickable="false" password="false" selected="false" visible-to-user="true" bounds="[472,888][670,1113]">
                                            <node index="0" text="" resource-id="com.instagram.android:id/suggested_entity_card_image" class="android.widget.ImageView" package="com.instagram.android" content-desc="" checkable="false" checked="false" clickable="false" enabled="true" focusable="false" focused="false" scrollable="false" long-clickable="false" password="false" selected="false" visible-to-user="true" bounds="[472,888][670,1086]" />
                                          </node>
                                          <node index="1" text="@yihebinance" resource-id="com.instagram.android:id/suggested_entity_card_name" class="android.widget.TextView" package="com.instagram.android" content-desc="" checkable="false" checked="false" clickable="false" enabled="true" focusable="false" focused="false" scrollable="false" long-clickable="false" password="false" selected="false" visible-to-user="true" bounds="[471,1113][672,1151]" />
                                          <node index="2" text="Follows you" resource-id="com.instagram.android:id/suggested_entity_card_context" class="android.widget.TextView" package="com.instagram.android" content-desc="" checkable="false" checked="false" clickable="false" enabled="true" focusable="false" focused="false" scrollable="false" long-clickable="false" password="false" selected="false" visible-to-user="true" bounds="[500,1158][643,1249]" />
                                          <node index="3" text="Follow" resource-id="com.instagram.android:id/suggested_user_card_follow_button" class="android.widget.Button" package="com.instagram.android" content-desc="Follow @yihebinance" checkable="false" checked="false" clickable="true" enabled="true" focusable="true" focused="false" scrollable="false" long-clickable="true" password="false" selected="false" visible-to-user="true" bounds="[423,1249][720,1312]" />
                                        </node>
                                        <node index="1" text="" resource-id="com.instagram.android:id/dismiss_button" class="android.widget.ImageView" package="com.instagram.android" content-desc="Dismiss" checkable="false" checked="false" clickable="true" enabled="true" focusable="true" focused="false" scrollable="false" long-clickable="false" password="false" selected="false" visible-to-user="true" bounds="[675,861][747,933]" />
                                      </node>
                                      <node index="2" text="" resource-id="" class="android.widget.FrameLayout" package="com.instagram.android" content-desc="" checkable="false" checked="false" clickable="false" enabled="true" focusable="false" focused="false" scrollable="false" long-clickable="false" password="false" selected="false" visible-to-user="true" bounds="[756,861][1080,1344]">
                                        <node index="0" text="" resource-id="com.instagram.android:id/suggested_entity_card_container" class="android.widget.LinearLayout" package="com.instagram.android" content-desc="" checkable="false" checked="false" clickable="true" enabled="true" focusable="true" focused="false" scrollable="false" long-clickable="false" password="false" selected="false" visible-to-user="true" bounds="[756,861][1080,1344]">
                                          <node index="0" text="" resource-id="" class="android.widget.FrameLayout" package="com.instagram.android" content-desc="" checkable="false" checked="false" clickable="false" enabled="true" focusable="false" focused="false" scrollable="false" long-clickable="false" password="false" selected="false" visible-to-user="true" bounds="[832,888][1030,1113]">
                                            <node index="0" text="" resource-id="com.instagram.android:id/suggested_entity_card_image" class="android.widget.ImageView" package="com.instagram.android" content-desc="" checkable="false" checked="false" clickable="false" enabled="true" focusable="false" focused="false" scrollable="false" long-clickable="false" password="false" selected="false" visible-to-user="true" bounds="[832,888][1030,1086]" />
                                          </node>
                                          <node index="1" text="&#119813;&#119822;&#119825;&#119812;&#119831; &#119830;&#119816;&#119827;&#119815; &#119819;&#119822;&#119820;&#119808; &#119830;&#119808;&#119827;&#119818;&#119816;&#119821;&#119826; &#128309;&#128202;" resource-id="com.instagram.android:id/suggested_entity_card_name" class="android.widget.TextView" package="com.instagram.android" content-desc="" checkable="false" checked="false" clickable="false" enabled="true" focusable="false" focused="false" scrollable="false" long-clickable="false" password="false" selected="false" visible-to-user="true" bounds="[801,1113][1062,1156]" />
                                          <node index="2" text="Followed by bitcoin__crypto_trading_inwest" resource-id="com.instagram.android:id/suggested_entity_card_context" class="android.widget.TextView" package="com.instagram.android" content-desc="" checkable="false" checked="false" clickable="false" enabled="true" focusable="false" focused="false" scrollable="false" long-clickable="false" password="false" selected="false" visible-to-user="true" bounds="[783,1163][1080,1254]" />
                                          <node index="3" text="Follow" resource-id="com.instagram.android:id/suggested_user_card_follow_button" class="android.widget.Button" package="com.instagram.android" content-desc="Follow &#119813;&#119822;&#119825;&#119812;&#119831; &#119830;&#119816;&#119827;&#119815; &#119819;&#119822;&#119820;&#119808; &#119830;&#119808;&#119827;&#119818;&#119816;&#119821;&#119826; &#128309;&#128202;" checkable="false" checked="false" clickable="true" enabled="true" focusable="true" focused="false" scrollable="false" long-clickable="true" password="false" selected="false" visible-to-user="true" bounds="[783,1254][1080,1317]" />
                                        </node>
                                        <node index="1" text="" resource-id="com.instagram.android:id/dismiss_button" class="android.widget.ImageView" package="com.instagram.android" content-desc="Dismiss" checkable="false" checked="false" clickable="true" enabled="true" focusable="true" focused="false" scrollable="false" long-clickable="false" password="false" selected="false" visible-to-user="true" bounds="[1035,861][1080,933]" />
                                      </node>
                                    </node>
                                    <node index="2" text="" resource-id="com.instagram.android:id/footer_space" class="android.view.View" package="com.instagram.android" content-desc="" checkable="false" checked="false" clickable="false" enabled="true" focusable="false" focused="false" scrollable="false" long-clickable="false" password="false" selected="false" visible-to-user="true" bounds="[0,1344][1080,1362]" />
                                  </node>
                                </node>
                              </node>
                              <node index="3" text="" resource-id="" class="android.widget.LinearLayout" package="com.instagram.android" content-desc="" checkable="false" checked="false" clickable="false" enabled="true" focusable="false" focused="false" scrollable="false" long-clickable="false" password="false" selected="false" visible-to-user="true" bounds="[0,1394][1080,1704]">
                                <node index="0" text="" resource-id="com.instagram.android:id/tray_header_container" class="android.view.ViewGroup" package="com.instagram.android" content-desc="" checkable="false" checked="false" clickable="true" enabled="true" focusable="true" focused="false" scrollable="false" long-clickable="false" password="false" selected="false" visible-to-user="true" bounds="[0,1394][1080,1486]">
                                  <node index="0" text="Story highlights" resource-id="com.instagram.android:id/tray_header" class="android.widget.TextView" package="com.instagram.android" content-desc="" checkable="false" checked="false" clickable="false" enabled="true" focusable="false" focused="false" scrollable="false" long-clickable="false" password="false" selected="false" visible-to-user="true" bounds="[0,1402][1080,1440]" />
                                  <node index="1" text="" resource-id="com.instagram.android:id/tray_header_caret" class="android.widget.ImageView" package="com.instagram.android" content-desc="" checkable="false" checked="false" clickable="false" enabled="true" focusable="false" focused="false" scrollable="false" long-clickable="false" password="false" selected="false" visible-to-user="true" bounds="[1017,1408][1044,1435]" />
                                  <node index="2" text="Keep your favorite stories on your profile" resource-id="com.instagram.android:id/tray_subtitle" class="android.widget.TextView" package="com.instagram.android" content-desc="" checkable="false" checked="false" clickable="false" enabled="true" focusable="false" focused="false" scrollable="false" long-clickable="false" password="false" selected="false" visible-to-user="true" bounds="[0,1448][1080,1486]" />
                                </node>
                                <node index="1" text="" resource-id="com.instagram.android:id/highlights_reel_tray_recycler_view" class="androidx.recyclerview.widget.RecyclerView" package="com.instagram.android" content-desc="" checkable="false" checked="false" clickable="false" enabled="true" focusable="true" focused="false" scrollable="true" long-clickable="false" password="false" selected="false" visible-to-user="true" bounds="[0,1486][1080,1704]">
                                  <node index="0" text="" resource-id="" class="android.widget.LinearLayout" package="com.instagram.android" content-desc="" checkable="false" checked="false" clickable="false" enabled="true" focusable="false" focused="false" scrollable="false" long-clickable="false" password="false" selected="false" visible-to-user="true" bounds="[5,1486][1080,1704]">
                                    <node index="0" text="" resource-id="com.instagram.android:id/create_highlight_button_view" class="android.widget.LinearLayout" package="com.instagram.android" content-desc="" checkable="false" checked="false" clickable="true" enabled="true" focusable="true" focused="false" scrollable="false" long-clickable="false" password="false" selected="false" visible-to-user="true" bounds="[5,1486][189,1704]">
                                      <node index="0" text="" resource-id="com.instagram.android:id/button_container" class="android.widget.FrameLayout" package="com.instagram.android" content-desc="" checkable="false" checked="false" clickable="false" enabled="true" focusable="false" focused="false" scrollable="false" long-clickable="false" password="false" selected="false" visible-to-user="true" bounds="[5,1486][189,1653]">
                                        <node index="0" text="" resource-id="" class="android.widget.FrameLayout" package="com.instagram.android" content-desc="" checkable="false" checked="false" clickable="false" enabled="true" focusable="false" focused="false" scrollable="false" long-clickable="false" password="false" selected="false" visible-to-user="true" bounds="[25,1504][169,1648]">
                                          <node index="0" text="" resource-id="com.instagram.android:id/button_background_view" class="android.widget.ImageView" package="com.instagram.android" content-desc="" checkable="false" checked="false" clickable="false" enabled="true" focusable="false" focused="false" scrollable="false" long-clickable="false" password="false" selected="false" visible-to-user="true" bounds="[25,1504][169,1648]" />
                                          <node index="1" text="" resource-id="com.instagram.android:id/inner_button_view" class="android.widget.ImageView" package="com.instagram.android" content-desc="" checkable="false" checked="false" clickable="false" enabled="true" focusable="false" focused="false" scrollable="false" long-clickable="false" password="false" selected="false" visible-to-user="true" bounds="[76,1555][117,1596]" />
                                        </node>
                                      </node>
                                      <node index="1" text="New" resource-id="com.instagram.android:id/label" class="android.widget.TextView" package="com.instagram.android" content-desc="" checkable="false" checked="false" clickable="false" enabled="true" focusable="false" focused="false" scrollable="false" long-clickable="false" password="false" selected="false" visible-to-user="true" bounds="[5,1653][189,1690]" />
                                    </node>
                                    <node index="1" text="" resource-id="com.instagram.android:id/tray_empty_state_container" class="android.widget.LinearLayout" package="com.instagram.android" content-desc="" checkable="false" checked="false" clickable="false" enabled="true" focusable="false" focused="false" scrollable="false" long-clickable="false" password="false" selected="false" visible-to-user="true" bounds="[189,1486][1080,1704]">
                                      <node NAF="true" index="0" text="" resource-id="" class="android.widget.LinearLayout" package="com.instagram.android" content-desc="" checkable="false" checked="false" clickable="true" enabled="true" focusable="true" focused="false" scrollable="false" long-clickable="false" password="false" selected="false" visible-to-user="true" bounds="[189,1486][373,1667]">
                                        <node index="0" text="" resource-id="com.instagram.android:id/button_container" class="android.widget.FrameLayout" package="com.instagram.android" content-desc="" checkable="false" checked="false" clickable="false" enabled="true" focusable="false" focused="false" scrollable="false" long-clickable="false" password="false" selected="false" visible-to-user="true" bounds="[189,1486][373,1653]">
                                          <node index="0" text="" resource-id="" class="android.widget.FrameLayout" package="com.instagram.android" content-desc="" checkable="false" checked="false" clickable="false" enabled="true" focusable="false" focused="false" scrollable="false" long-clickable="false" password="false" selected="false" visible-to-user="true" bounds="[209,1504][353,1648]">
                                            <node index="0" text="" resource-id="com.instagram.android:id/button_background_view" class="android.widget.ImageView" package="com.instagram.android" content-desc="" checkable="false" checked="false" clickable="false" enabled="true" focusable="false" focused="false" scrollable="false" long-clickable="false" password="false" selected="false" visible-to-user="true" bounds="[209,1504][353,1648]" />
                                          </node>
                                        </node>
                                      </node>
                                      <node NAF="true" index="1" text="" resource-id="" class="android.widget.LinearLayout" package="com.instagram.android" content-desc="" checkable="false" checked="false" clickable="true" enabled="true" focusable="true" focused="false" scrollable="false" long-clickable="false" password="false" selected="false" visible-to-user="true" bounds="[373,1486][557,1667]">
                                        <node index="0" text="" resource-id="com.instagram.android:id/button_container" class="android.widget.FrameLayout" package="com.instagram.android" content-desc="" checkable="false" checked="false" clickable="false" enabled="true" focusable="false" focused="false" scrollable="false" long-clickable="false" password="false" selected="false" visible-to-user="true" bounds="[373,1486][557,1653]">
                                          <node index="0" text="" resource-id="" class="android.widget.FrameLayout" package="com.instagram.android" content-desc="" checkable="false" checked="false" clickable="false" enabled="true" focusable="false" focused="false" scrollable="false" long-clickable="false" password="false" selected="false" visible-to-user="true" bounds="[393,1504][537,1648]">
                                            <node index="0" text="" resource-id="com.instagram.android:id/button_background_view" class="android.widget.ImageView" package="com.instagram.android" content-desc="" checkable="false" checked="false" clickable="false" enabled="true" focusable="false" focused="false" scrollable="false" long-clickable="false" password="false" selected="false" visible-to-user="true" bounds="[393,1504][537,1648]" />
                                          </node>
                                        </node>
                                      </node>
                                      <node NAF="true" index="2" text="" resource-id="" class="android.widget.LinearLayout" package="com.instagram.android" content-desc="" checkable="false" checked="false" clickable="true" enabled="true" focusable="true" focused="false" scrollable="false" long-clickable="false" password="false" selected="false" visible-to-user="true" bounds="[557,1486][741,1667]">
                                        <node index="0" text="" resource-id="com.instagram.android:id/button_container" class="android.widget.FrameLayout" package="com.instagram.android" content-desc="" checkable="false" checked="false" clickable="false" enabled="true" focusable="false" focused="false" scrollable="false" long-clickable="false" password="false" selected="false" visible-to-user="true" bounds="[557,1486][741,1653]">
                                          <node index="0" text="" resource-id="" class="android.widget.FrameLayout" package="com.instagram.android" content-desc="" checkable="false" checked="false" clickable="false" enabled="true" focusable="false" focused="false" scrollable="false" long-clickable="false" password="false" selected="false" visible-to-user="true" bounds="[577,1504][721,1648]">
                                            <node index="0" text="" resource-id="com.instagram.android:id/button_background_view" class="android.widget.ImageView" package="com.instagram.android" content-desc="" checkable="false" checked="false" clickable="false" enabled="true" focusable="false" focused="false" scrollable="false" long-clickable="false" password="false" selected="false" visible-to-user="true" bounds="[577,1504][721,1648]" />
                                          </node>
                                        </node>
                                      </node>
                                      <node NAF="true" index="3" text="" resource-id="" class="android.widget.LinearLayout" package="com.instagram.android" content-desc="" checkable="false" checked="false" clickable="true" enabled="true" focusable="true" focused="false" scrollable="false" long-clickable="false" password="false" selected="false" visible-to-user="true" bounds="[741,1486][925,1667]">
                                        <node index="0" text="" resource-id="com.instagram.android:id/button_container" class="android.widget.FrameLayout" package="com.instagram.android" content-desc="" checkable="false" checked="false" clickable="false" enabled="true" focusable="false" focused="false" scrollable="false" long-clickable="false" password="false" selected="false" visible-to-user="true" bounds="[741,1486][925,1653]">
                                          <node index="0" text="" resource-id="" class="android.widget.FrameLayout" package="com.instagram.android" content-desc="" checkable="false" checked="false" clickable="false" enabled="true" focusable="false" focused="false" scrollable="false" long-clickable="false" password="false" selected="false" visible-to-user="true" bounds="[761,1504][905,1648]">
                                            <node index="0" text="" resource-id="com.instagram.android:id/button_background_view" class="android.widget.ImageView" package="com.instagram.android" content-desc="" checkable="false" checked="false" clickable="false" enabled="true" focusable="false" focused="false" scrollable="false" long-clickable="false" password="false" selected="false" visible-to-user="true" bounds="[761,1504][905,1648]" />
                                          </node>
                                        </node>
                                      </node>
                                      <node NAF="true" index="4" text="" resource-id="" class="android.widget.LinearLayout" package="com.instagram.android" content-desc="" checkable="false" checked="false" clickable="true" enabled="true" focusable="true" focused="false" scrollable="false" long-clickable="false" password="false" selected="false" visible-to-user="true" bounds="[925,1486][1080,1667]">
                                        <node index="0" text="" resource-id="com.instagram.android:id/button_container" class="android.widget.FrameLayout" package="com.instagram.android" content-desc="" checkable="false" checked="false" clickable="false" enabled="true" focusable="false" focused="false" scrollable="false" long-clickable="false" password="false" selected="false" visible-to-user="true" bounds="[925,1486][1080,1653]">
                                          <node index="0" text="" resource-id="" class="android.widget.FrameLayout" package="com.instagram.android" content-desc="" checkable="false" checked="false" clickable="false" enabled="true" focusable="false" focused="false" scrollable="false" long-clickable="false" password="false" selected="false" visible-to-user="true" bounds="[945,1504][1080,1648]">
                                            <node index="0" text="" resource-id="com.instagram.android:id/button_background_view" class="android.widget.ImageView" package="com.instagram.android" content-desc="" checkable="false" checked="false" clickable="false" enabled="true" focusable="false" focused="false" scrollable="false" long-clickable="false" password="false" selected="false" visible-to-user="true" bounds="[945,1504][1080,1648]" />
                                          </node>
                                        </node>
                                      </node>
                                    </node>
                                  </node>
                                </node>
                              </node>
                            </node>
                            <node index="1" text="" resource-id="com.instagram.android:id/profile_tabs_container" class="android.widget.LinearLayout" package="com.instagram.android" content-desc="" checkable="false" checked="false" clickable="false" enabled="true" focusable="false" focused="false" scrollable="false" long-clickable="false" password="false" selected="false" visible-to-user="true" bounds="[0,1727][1080,1821]">
                              <node index="0" text="" resource-id="com.instagram.android:id/profile_tab_layout" class="android.widget.HorizontalScrollView" package="com.instagram.android" content-desc="" checkable="false" checked="false" clickable="false" enabled="true" focusable="true" focused="false" scrollable="false" long-clickable="false" password="false" selected="false" visible-to-user="true" bounds="[0,1727][1080,1821]">
                                <node index="0" text="" resource-id="" class="android.widget.LinearLayout" package="com.instagram.android" content-desc="" checkable="false" checked="false" clickable="false" enabled="true" focusable="false" focused="false" scrollable="false" long-clickable="false" password="false" selected="false" visible-to-user="true" bounds="[0,1727][1080,1821]">
                                  <node index="0" text="" resource-id="" class="android.widget.LinearLayout" package="com.instagram.android" content-desc="" checkable="false" checked="false" clickable="false" enabled="true" focusable="true" focused="false" scrollable="false" long-clickable="false" password="false" selected="true" visible-to-user="true" bounds="[0,1727][358,1821]">
                                    <node index="0" text="" resource-id="" class="android.widget.FrameLayout" package="com.instagram.android" content-desc="" checkable="false" checked="false" clickable="false" enabled="true" focusable="true" focused="false" scrollable="false" long-clickable="false" password="false" selected="true" visible-to-user="true" bounds="[36,1727][322,1821]">
                                      <node index="0" text="" resource-id="com.instagram.android:id/profile_tab_icon_view" class="android.widget.ImageView" package="com.instagram.android" content-desc="Grid view" checkable="false" checked="false" clickable="true" enabled="true" focusable="true" focused="false" scrollable="false" long-clickable="false" password="false" selected="true" visible-to-user="true" bounds="[36,1727][322,1821]" />
                                    </node>
                                  </node>
                                  <node index="1" text="" resource-id="" class="android.widget.LinearLayout" package="com.instagram.android" content-desc="" checkable="false" checked="false" clickable="true" enabled="true" focusable="true" focused="false" scrollable="false" long-clickable="false" password="false" selected="false" visible-to-user="true" bounds="[361,1727][719,1821]">
                                    <node index="0" text="" resource-id="" class="android.widget.FrameLayout" package="com.instagram.android" content-desc="" checkable="false" checked="false" clickable="false" enabled="true" focusable="true" focused="false" scrollable="false" long-clickable="false" password="false" selected="false" visible-to-user="true" bounds="[397,1727][683,1821]">
                                      <node index="0" text="" resource-id="com.instagram.android:id/profile_tab_icon_view" class="android.widget.ImageView" package="com.instagram.android" content-desc="Reels" checkable="false" checked="false" clickable="true" enabled="true" focusable="true" focused="false" scrollable="false" long-clickable="false" password="false" selected="false" visible-to-user="true" bounds="[397,1727][683,1821]" />
                                    </node>
                                  </node>
                                  <node index="2" text="" resource-id="" class="android.widget.LinearLayout" package="com.instagram.android" content-desc="" checkable="false" checked="false" clickable="true" enabled="true" focusable="true" focused="false" scrollable="false" long-clickable="false" password="false" selected="false" visible-to-user="true" bounds="[722,1727][1080,1821]">
                                    <node index="0" text="" resource-id="" class="android.widget.FrameLayout" package="com.instagram.android" content-desc="" checkable="false" checked="false" clickable="false" enabled="true" focusable="true" focused="false" scrollable="false" long-clickable="false" password="false" selected="false" visible-to-user="true" bounds="[758,1727][1044,1821]">
                                      <node index="0" text="" resource-id="com.instagram.android:id/profile_tab_icon_view" class="android.widget.ImageView" package="com.instagram.android" content-desc="Photos of you" checkable="false" checked="false" clickable="true" enabled="true" focusable="true" focused="false" scrollable="false" long-clickable="false" password="false" selected="false" visible-to-user="true" bounds="[758,1727][1044,1821]" />
                                    </node>
                                  </node>
                                </node>
                              </node>
                            </node>
                          </node>
                        </node>
                        <node index="1" text="" resource-id="" class="android.widget.FrameLayout" package="com.instagram.android" content-desc="" checkable="false" checked="false" clickable="false" enabled="true" focusable="false" focused="false" scrollable="false" long-clickable="false" password="false" selected="false" visible-to-user="true" bounds="[0,180][1080,1821]" />
                        <node index="2" text="" resource-id="com.instagram.android:id/swipe_refresh_animated_progressbar_container_background" class="android.view.View" package="com.instagram.android" content-desc="" checkable="false" checked="false" clickable="false" enabled="true" focusable="false" focused="false" scrollable="false" long-clickable="false" password="false" selected="false" visible-to-user="true" bounds="[0,180][1080,181]" />
                        <node index="3" text="" resource-id="com.instagram.android:id/swipe_refresh_animated_progressbar_container" class="android.view.View" package="com.instagram.android" content-desc="" checkable="false" checked="false" clickable="false" enabled="true" focusable="false" focused="false" scrollable="false" long-clickable="false" password="false" selected="false" visible-to-user="true" bounds="[461,180][619,338]" />
                      </node>
                    </node>
                  </node>
                  <node index="1" text="" resource-id="com.instagram.android:id/action_bar_container" class="android.widget.FrameLayout" package="com.instagram.android" content-desc="" checkable="false" checked="false" clickable="false" enabled="true" focusable="false" focused="false" scrollable="false" long-clickable="false" password="false" selected="false" visible-to-user="true" bounds="[0,54][1080,180]">
                    <node index="0" text="" resource-id="com.instagram.android:id/action_bar_wrapper" class="android.widget.FrameLayout" package="com.instagram.android" content-desc="" checkable="false" checked="false" clickable="false" enabled="true" focusable="false" focused="false" scrollable="false" long-clickable="false" password="false" selected="false" visible-to-user="true" bounds="[0,54][1080,180]">
                      <node index="0" text="" resource-id="com.instagram.android:id/action_bar" class="android.widget.LinearLayout" package="com.instagram.android" content-desc="" checkable="false" checked="false" clickable="true" enabled="true" focusable="true" focused="false" scrollable="false" long-clickable="false" password="false" selected="false" visible-to-user="true" bounds="[0,54][1080,180]">
                        <node index="0" text="" resource-id="com.instagram.android:id/action_bar_new_title_container" class="android.widget.LinearLayout" package="com.instagram.android" content-desc="" checkable="false" checked="false" clickable="false" enabled="true" focusable="false" focused="false" scrollable="false" long-clickable="false" password="false" selected="false" visible-to-user="true" bounds="[0,84][846,150]">
                          <node index="0" text="" resource-id="" class="android.widget.LinearLayout" package="com.instagram.android" content-desc="" checkable="false" checked="false" clickable="false" enabled="true" focusable="false" focused="false" scrollable="false" long-clickable="false" password="false" selected="false" visible-to-user="true" bounds="[0,84][602,150]">
                            <node index="0" text="" resource-id="" class="android.widget.LinearLayout" package="com.instagram.android" content-desc="" checkable="false" checked="false" clickable="false" enabled="true" focusable="false" focused="false" scrollable="false" long-clickable="false" password="false" selected="false" visible-to-user="true" bounds="[0,84][602,150]">
                              <node index="0" text="cryptocaffeinejunky" resource-id="com.instagram.android:id/action_bar_large_title_auto_size" class="android.widget.Button" package="com.instagram.android" content-desc="cryptocaffeinejunky" checkable="false" checked="false" clickable="true" enabled="true" focusable="true" focused="false" scrollable="false" long-clickable="false" password="false" selected="false" visible-to-user="true" bounds="[36,84][534,150]" />
                              <node index="1" text="" resource-id="com.instagram.android:id/action_bar_little_icon_container" class="android.widget.LinearLayout" package="com.instagram.android" content-desc="" checkable="false" checked="false" clickable="false" enabled="true" focusable="false" focused="false" scrollable="false" long-clickable="false" password="false" selected="false" visible-to-user="true" bounds="[534,103][575,130]">
                                <node NAF="true" index="0" text="" resource-id="com.instagram.android:id/action_bar_title_chevron" class="android.widget.ImageView" package="com.instagram.android" content-desc="" checkable="false" checked="false" clickable="true" enabled="true" focusable="true" focused="false" scrollable="false" long-clickable="false" password="false" selected="false" visible-to-user="true" bounds="[548,103][575,130]" />
                              </node>
                            </node>
                          </node>
                        </node>
                        <node index="1" text="" resource-id="" class="android.widget.Button" package="com.instagram.android" content-desc="Create New" checkable="false" checked="false" clickable="true" enabled="true" focusable="true" focused="false" scrollable="false" long-clickable="false" password="false" selected="false" visible-to-user="true" bounds="[846,54][954,180]" />
                        <node index="2" text="" resource-id="" class="android.widget.Button" package="com.instagram.android" content-desc="Options" checkable="false" checked="false" clickable="true" enabled="true" focusable="true" focused="false" scrollable="false" long-clickable="false" password="false" selected="false" visible-to-user="true" bounds="[954,54][1062,180]" />
                      </node>
                    </node>
                  </node>
                  <node index="2" text="" resource-id="com.instagram.android:id/tab_bar_shadow" class="android.view.View" package="com.instagram.android" content-desc="" checkable="false" checked="false" clickable="false" enabled="true" focusable="false" focused="false" scrollable="false" long-clickable="false" password="false" selected="false" visible-to-user="true" bounds="[0,1820][1080,1821]" />
                  <node index="3" text="" resource-id="com.instagram.android:id/tab_bar" class="android.widget.LinearLayout" package="com.instagram.android" content-desc="" checkable="false" checked="false" clickable="false" enabled="true" focusable="false" focused="false" scrollable="false" long-clickable="false" password="false" selected="false" visible-to-user="true" bounds="[0,1821][1080,1920]">
                    <node index="0" text="" resource-id="com.instagram.android:id/feed_tab" class="android.widget.FrameLayout" package="com.instagram.android" content-desc="Home" checkable="false" checked="false" clickable="true" enabled="true" focusable="true" focused="false" scrollable="false" long-clickable="false" password="false" selected="false" visible-to-user="true" bounds="[0,1821][216,1920]">
                      <node index="0" text="" resource-id="com.instagram.android:id/wrapper" class="android.view.ViewGroup" package="com.instagram.android" content-desc="" checkable="false" checked="false" clickable="false" enabled="true" focusable="false" focused="false" scrollable="false" long-clickable="false" password="false" selected="false" visible-to-user="true" bounds="[0,1821][216,1920]">
                        <node index="0" text="" resource-id="com.instagram.android:id/container" class="android.widget.FrameLayout" package="com.instagram.android" content-desc="" checkable="false" checked="false" clickable="false" enabled="true" focusable="false" focused="false" scrollable="false" long-clickable="false" password="false" selected="false" visible-to-user="true" bounds="[81,1844][135,1898]">
                          <node index="0" text="" resource-id="com.instagram.android:id/tab_icon" class="android.widget.ImageView" package="com.instagram.android" content-desc="" checkable="false" checked="false" clickable="false" enabled="true" focusable="false" focused="false" scrollable="false" long-clickable="false" password="false" selected="false" visible-to-user="true" bounds="[81,1844][135,1898]" />
                        </node>
                        <node index="1" text="" resource-id="com.instagram.android:id/dot_badge" class="android.view.View" package="com.instagram.android" content-desc="" checkable="false" checked="false" clickable="false" enabled="true" focusable="false" focused="false" scrollable="false" long-clickable="false" password="false" selected="false" visible-to-user="true" bounds="[104,1903][113,1912]" />
                      </node>
                    </node>
                    <node index="1" text="" resource-id="com.instagram.android:id/search_tab" class="android.widget.FrameLayout" package="com.instagram.android" content-desc="Search and explore" checkable="false" checked="false" clickable="true" enabled="true" focusable="true" focused="false" scrollable="false" long-clickable="true" password="false" selected="false" visible-to-user="true" bounds="[216,1821][432,1920]">
                      <node index="0" text="" resource-id="com.instagram.android:id/tab_icon" class="android.widget.ImageView" package="com.instagram.android" content-desc="" checkable="false" checked="false" clickable="false" enabled="true" focusable="false" focused="false" scrollable="false" long-clickable="false" password="false" selected="false" visible-to-user="true" bounds="[297,1843][351,1897]" />
                    </node>
                    <node index="2" text="" resource-id="com.instagram.android:id/clips_tab" class="android.widget.FrameLayout" package="com.instagram.android" content-desc="Reels" checkable="false" checked="false" clickable="true" enabled="true" focusable="true" focused="false" scrollable="false" long-clickable="false" password="false" selected="false" visible-to-user="true" bounds="[432,1821][648,1920]">
                      <node index="0" text="" resource-id="com.instagram.android:id/tab_icon" class="android.widget.ImageView" package="com.instagram.android" content-desc="" checkable="false" checked="false" clickable="false" enabled="true" focusable="false" focused="false" scrollable="false" long-clickable="false" password="false" selected="false" visible-to-user="true" bounds="[513,1843][567,1897]" />
                    </node>
                    <node index="3" text="" resource-id="com.instagram.android:id/shopping_tab" class="android.widget.FrameLayout" package="com.instagram.android" content-desc="Shop" checkable="false" checked="false" clickable="true" enabled="true" focusable="true" focused="false" scrollable="false" long-clickable="false" password="false" selected="false" visible-to-user="true" bounds="[648,1821][864,1920]">
                      <node index="0" text="" resource-id="com.instagram.android:id/tab_icon" class="android.widget.ImageView" package="com.instagram.android" content-desc="" checkable="false" checked="false" clickable="false" enabled="true" focusable="false" focused="false" scrollable="false" long-clickable="false" password="false" selected="false" visible-to-user="true" bounds="[729,1843][783,1897]" />
                    </node>
                    <node index="4" text="" resource-id="com.instagram.android:id/profile_tab" class="android.widget.FrameLayout" package="com.instagram.android" content-desc="Profile" checkable="false" checked="false" clickable="true" enabled="true" focusable="true" focused="false" scrollable="false" long-clickable="true" password="false" selected="true" visible-to-user="true" bounds="[864,1821][1080,1920]">
                      <node index="0" text="" resource-id="com.instagram.android:id/tab_avatar" class="android.widget.ImageView" package="com.instagram.android" content-desc="" checkable="false" checked="false" clickable="false" enabled="true" focusable="false" focused="false" scrollable="false" long-clickable="false" password="false" selected="true" visible-to-user="true" bounds="[938,1836][1006,1904]" />
                    </node>
                  </node>
                </node>
                <node index="2" text="" resource-id="com.instagram.android:id/activity_and_camera_shared_views_main_container" class="android.widget.FrameLayout" package="com.instagram.android" content-desc="" checkable="false" checked="false" clickable="false" enabled="true" focusable="false" focused="false" scrollable="false" long-clickable="false" password="false" selected="false" visible-to-user="true" bounds="[0,54][1080,1920]">
                  <node index="0" text="" resource-id="com.instagram.android:id/bottom_sheet_container" class="android.widget.FrameLayout" package="com.instagram.android" content-desc="" checkable="false" checked="false" clickable="false" enabled="true" focusable="false" focused="false" scrollable="false" long-clickable="false" password="false" selected="false" visible-to-user="true" bounds="[0,54][1080,1920]">
                    <node index="0" text="" resource-id="com.instagram.android:id/background_dimmer" class="android.widget.Button" package="com.instagram.android" content-desc="Dismiss" checkable="false" checked="false" clickable="true" enabled="true" focusable="true" focused="false" scrollable="false" long-clickable="false" password="false" selected="false" visible-to-user="true" bounds="[0,54][1080,1920]" />
                    <node index="1" text="" resource-id="com.instagram.android:id/layout_container_bottom_sheet" class="android.widget.FrameLayout" package="com.instagram.android" content-desc="" checkable="false" checked="false" clickable="true" enabled="true" focusable="true" focused="false" scrollable="false" long-clickable="false" password="false" selected="false" visible-to-user="true" bounds="[0,1377][1080,1920]">
                      <node index="0" text="" resource-id="com.instagram.android:id/bottom_sheet_container" class="android.view.ViewGroup" package="com.instagram.android" content-desc="" checkable="false" checked="false" clickable="false" enabled="true" focusable="false" focused="false" scrollable="false" long-clickable="false" password="false" selected="false" visible-to-user="true" bounds="[0,1377][1080,1920]">
                        <node index="0" text="" resource-id="com.instagram.android:id/bottom_sheet_drag_handle" class="android.widget.ImageView" package="com.instagram.android" content-desc="Close" checkable="false" checked="false" clickable="true" enabled="true" focusable="true" focused="false" scrollable="false" long-clickable="false" password="false" selected="false" visible-to-user="true" bounds="[500,1377][581,1418]" />
                        <node index="2" text="" resource-id="com.instagram.android:id/bottom_sheet_container_view" class="android.widget.FrameLayout" package="com.instagram.android" content-desc="" checkable="false" checked="false" clickable="false" enabled="true" focusable="false" focused="false" scrollable="false" long-clickable="false" password="false" selected="false" visible-to-user="true" bounds="[0,1434][1080,1920]">
                          <node index="0" text="" resource-id="" class="android.widget.FrameLayout" package="com.instagram.android" content-desc="" checkable="false" checked="false" clickable="false" enabled="true" focusable="false" focused="false" scrollable="false" long-clickable="false" password="false" selected="false" visible-to-user="true" bounds="[0,1434][1080,1920]">
                            <node index="0" text="" resource-id="" class="android.widget.FrameLayout" package="com.instagram.android" content-desc="" checkable="false" checked="false" clickable="false" enabled="true" focusable="false" focused="false" scrollable="false" long-clickable="false" password="false" selected="false" visible-to-user="true" bounds="[0,1434][1080,1920]">
                              <node index="0" text="" resource-id="android:id/list" class="android.widget.ListView" package="com.instagram.android" content-desc="" checkable="false" checked="false" clickable="false" enabled="true" focusable="true" focused="false" scrollable="false" long-clickable="false" password="false" selected="false" visible-to-user="true" bounds="[0,1434][1080,1920]">
                                <node index="0" text="" resource-id="" class="android.widget.LinearLayout" package="com.instagram.android" content-desc="" checkable="false" checked="false" clickable="false" enabled="true" focusable="false" focused="false" scrollable="false" long-clickable="false" password="false" selected="true" visible-to-user="true" bounds="[0,1434][1080,1596]">
                                  <node index="0" text="" resource-id="" class="android.widget.FrameLayout" package="com.instagram.android" content-desc="" checkable="false" checked="false" clickable="false" enabled="true" focusable="false" focused="false" scrollable="false" long-clickable="false" password="false" selected="false" visible-to-user="true" bounds="[36,1452][189,1578]">
                                    <node index="0" text="" resource-id="com.instagram.android:id/row_user_imageview" class="android.widget.ImageView" package="com.instagram.android" content-desc="" checkable="false" checked="false" clickable="false" enabled="true" focusable="false" focused="false" scrollable="false" long-clickable="false" password="false" selected="false" visible-to-user="true" bounds="[36,1452][162,1578]" />
                                  </node>
                                  <node index="1" text="" resource-id="" class="android.widget.LinearLayout" package="com.instagram.android" content-desc="" checkable="false" checked="false" clickable="false" enabled="true" focusable="false" focused="false" scrollable="false" long-clickable="false" password="false" selected="false" visible-to-user="true" bounds="[189,1493][990,1536]">
                                    <node index="0" text="cryptocaffeinejunky" resource-id="com.instagram.android:id/row_user_textview" class="android.widget.TextView" package="com.instagram.android" content-desc="" checkable="false" checked="false" clickable="false" enabled="true" focusable="false" focused="false" scrollable="false" long-clickable="false" password="false" selected="false" visible-to-user="true" bounds="[194,1493][962,1536]" />
                                  </node>
                                  <node index="2" text="" resource-id="com.instagram.android:id/check" class="android.widget.ImageView" package="com.instagram.android" content-desc="" checkable="false" checked="false" clickable="false" enabled="true" focusable="false" focused="false" scrollable="false" long-clickable="false" password="false" selected="false" visible-to-user="true" bounds="[990,1488][1044,1542]" />
                                </node>
                                <node index="1" text="" resource-id="" class="android.widget.LinearLayout" package="com.instagram.android" content-desc="" checkable="false" checked="false" clickable="true" enabled="true" focusable="false" focused="false" scrollable="false" long-clickable="false" password="false" selected="false" visible-to-user="true" bounds="[0,1596][1080,1758]">
                                  <node index="0" text="" resource-id="" class="android.widget.FrameLayout" package="com.instagram.android" content-desc="" checkable="false" checked="false" clickable="false" enabled="true" focusable="false" focused="false" scrollable="false" long-clickable="false" password="false" selected="false" visible-to-user="true" bounds="[36,1614][189,1740]">
                                    <node index="0" text="" resource-id="com.instagram.android:id/row_user_imageview" class="android.widget.ImageView" package="com.instagram.android" content-desc="" checkable="false" checked="false" clickable="false" enabled="true" focusable="false" focused="false" scrollable="false" long-clickable="false" password="false" selected="false" visible-to-user="true" bounds="[36,1614][162,1740]" />
                                  </node>
                                  <node index="1" text="" resource-id="" class="android.widget.LinearLayout" package="com.instagram.android" content-desc="" checkable="false" checked="false" clickable="false" enabled="true" focusable="false" focused="false" scrollable="false" long-clickable="false" password="false" selected="false" visible-to-user="true" bounds="[189,1655][912,1698]">
                                    <node index="0" text="dr_dobrev" resource-id="com.instagram.android:id/row_user_textview" class="android.widget.TextView" package="com.instagram.android" content-desc="" checkable="false" checked="false" clickable="false" enabled="true" focusable="false" focused="false" scrollable="false" long-clickable="false" password="false" selected="false" visible-to-user="true" bounds="[194,1655][884,1698]" />
                                  </node>
                                  <node index="2" text="" resource-id="com.instagram.android:id/login_button" class="android.widget.Button" package="com.instagram.android" content-desc="Log in" checkable="false" checked="false" clickable="true" enabled="true" focusable="true" focused="false" scrollable="false" long-clickable="false" password="false" selected="false" visible-to-user="true" bounds="[912,1644][1044,1709]">
                                    <node index="0" text="Log in" resource-id="" class="android.widget.TextView" package="com.instagram.android" content-desc="" checkable="false" checked="false" clickable="false" enabled="true" focusable="false" focused="false" scrollable="false" long-clickable="false" password="false" selected="false" visible-to-user="true" bounds="[935,1655][1021,1698]" />
                                  </node>
                                </node>
                                <node index="2" text="" resource-id="" class="android.widget.LinearLayout" package="com.instagram.android" content-desc="" checkable="false" checked="false" clickable="true" enabled="true" focusable="false" focused="false" scrollable="false" long-clickable="false" password="false" selected="false" visible-to-user="true" bounds="[0,1758][1080,1920]">
                                  <node index="0" text="" resource-id="" class="android.widget.FrameLayout" package="com.instagram.android" content-desc="" checkable="false" checked="false" clickable="false" enabled="true" focusable="false" focused="false" scrollable="false" long-clickable="false" password="false" selected="false" visible-to-user="true" bounds="[36,1776][189,1902]">
                                    <node index="0" text="" resource-id="com.instagram.android:id/row_user_imageview" class="android.widget.ImageView" package="com.instagram.android" content-desc="" checkable="false" checked="false" clickable="false" enabled="true" focusable="false" focused="false" scrollable="false" long-clickable="false" password="false" selected="false" visible-to-user="true" bounds="[36,1776][162,1902]" />
                                  </node>
                                  <node index="1" text="" resource-id="" class="android.widget.LinearLayout" package="com.instagram.android" content-desc="" checkable="false" checked="false" clickable="false" enabled="true" focusable="false" focused="false" scrollable="false" long-clickable="false" password="false" selected="false" visible-to-user="true" bounds="[189,1817][1080,1860]">
                                    <node index="0" text="Add account" resource-id="com.instagram.android:id/row_user_textview" class="android.widget.TextView" package="com.instagram.android" content-desc="" checkable="false" checked="false" clickable="false" enabled="true" focusable="false" focused="false" scrollable="false" long-clickable="false" password="false" selected="false" visible-to-user="true" bounds="[194,1817][1052,1860]" />
                                  </node>
                                </node>
                              </node>
                            </node>
                          </node>
                        </node>
                      </node>
                    </node>
                  </node>
                </node>
              </node>
            </node>
          </node>
        </node>
      </node>
    </node>
  </node>
</hierarchy>