<?xml version='1.0' encoding='UTF-8' standalone='yes' ?>
<hierarchy rotation="0">
  <node index="0" text="" resource-id="" class="android.widget.FrameLayout" package="com.android.systemui" content-desc="" checkable="false" checked="false" clickable="false" enabled="true" focusable="false" focused="false" scrollable="false" long-clickable="false" password="false" selected="false" visible-to-user="true" bounds="[0,0][1080,54]">
    <node index="0" text="" resource-id="com.android.systemui:id/scrim_in_front" class="android.view.View" package="com.android.systemui" content-desc="" checkable="false" checked="false" clickable="false" enabled="true" focusable="true" focused="false" scrollable="false" long-clickable="false" password="false" selected="false" visible-to-user="true" bounds="[0,0][1080,54]" />
    <node index="1" text="" resource-id="com.android.systemui:id/scrim_behind" class="android.view.View" package="com.android.systemui" content-desc="" checkable="false" checked="false" clickable="false" enabled="true" focusable="true" focused="false" scrollable="false" long-clickable="false" password="false" selected="false" visible-to-user="true" bounds="[0,0][1080,54]" />
    <node index="2" text="" resource-id="com.android.systemui:id/status_bar_container" class="android.widget.FrameLayout" package="com.android.systemui" content-desc="" checkable="false" checked="false" clickable="false" enabled="true" focusable="false" focused="false" scrollable="false" long-clickable="false" password="false" selected="false" visible-to-user="true" bounds="[0,0][1080,54]">
      <node index="0" text="" resource-id="com.android.systemui:id/status_bar" class="android.widget.FrameLayout" package="com.android.systemui" content-desc="" checkable="false" checked="false" clickable="false" enabled="true" focusable="false" focused="false" scrollable="false" long-clickable="false" password="false" selected="false" visible-to-user="true" bounds="[0,0][1080,54]">
        <node index="0" text="" resource-id="com.android.systemui:id/status_bar_contents" class="android.widget.LinearLayout" package="com.android.systemui" content-desc="" checkable="false" checked="false" clickable="false" enabled="true" focusable="false" focused="false" scrollable="false" long-clickable="false" password="false" selected="false" visible-to-user="true" bounds="[18,0][1062,54]">
          <node index="0" text="" resource-id="" class="android.widget.FrameLayout" package="com.android.systemui" content-desc="" checkable="false" checked="false" clickable="false" enabled="true" focusable="false" focused="false" scrollable="false" long-clickable="false" password="false" selected="false" visible-to-user="true" bounds="[32,0][540,54]">
            <node index="0" text="" resource-id="com.android.systemui:id/status_bar_left_side" class="android.widget.LinearLayout" package="com.android.systemui" content-desc="" checkable="false" checked="false" clickable="false" enabled="true" focusable="false" focused="false" scrollable="false" long-clickable="false" password="false" selected="false" visible-to-user="true" bounds="[32,0][540,54]">
              <node index="0" text="3:33" resource-id="com.android.systemui:id/clock" class="android.widget.TextView" package="com.android.systemui" content-desc="3:33 PM" checkable="false" checked="false" clickable="false" enabled="true" focusable="false" focused="false" scrollable="false" long-clickable="false" password="false" selected="false" visible-to-user="true" bounds="[32,0][118,54]" />
              <node index="1" text="" resource-id="com.android.systemui:id/notification_icon_area" class="android.widget.FrameLayout" package="com.android.systemui" content-desc="" checkable="false" checked="false" clickable="false" enabled="true" focusable="false" focused="false" scrollable="false" long-clickable="false" password="false" selected="false" visible-to-user="true" bounds="[118,0][540,54]">
                <node index="0" text="" resource-id="com.android.systemui:id/notification_icon_area_inner" class="android.widget.LinearLayout" package="com.android.systemui" content-desc="" checkable="false" checked="false" clickable="false" enabled="true" focusable="false" focused="false" scrollable="false" long-clickable="false" password="false" selected="false" visible-to-user="true" bounds="[118,0][540,54]">
                  <node index="0" text="" resource-id="com.android.systemui:id/notificationIcons" class="android.widget.FrameLayout" package="com.android.systemui" content-desc="" checkable="false" checked="false" clickable="false" enabled="true" focusable="false" focused="false" scrollable="false" long-clickable="false" password="false" selected="false" visible-to-user="true" bounds="[118,0][540,54]">
                    <node index="0" text="" resource-id="" class="android.widget.ImageView" package="com.android.systemui" content-desc="Android System notification: Configure physical keyboard" checkable="false" checked="false" clickable="false" enabled="true" focusable="false" focused="false" scrollable="false" long-clickable="false" password="false" selected="false" visible-to-user="true" bounds="[118,0][168,54]" />
                    <node index="1" text="" resource-id="" class="android.widget.ImageView" package="com.android.systemui" content-desc="ATX notification: UIAutomator" checkable="false" checked="false" clickable="false" enabled="true" focusable="false" focused="false" scrollable="false" long-clickable="false" password="false" selected="false" visible-to-user="true" bounds="[168,0][218,54]" />
                  </node>
                </node>
              </node>
            </node>
          </node>
          <node index="1" text="" resource-id="com.android.systemui:id/system_icon_area" class="android.widget.LinearLayout" package="com.android.systemui" content-desc="" checkable="false" checked="false" clickable="false" enabled="true" focusable="false" focused="false" scrollable="false" long-clickable="false" password="false" selected="false" visible-to-user="true" bounds="[540,0][1048,54]">
            <node index="0" text="" resource-id="com.android.systemui:id/system_icons" class="android.widget.LinearLayout" package="com.android.systemui" content-desc="" checkable="false" checked="false" clickable="false" enabled="true" focusable="false" focused="false" scrollable="false" long-clickable="false" password="false" selected="false" visible-to-user="true" bounds="[540,0][1048,54]">
              <node index="0" text="" resource-id="com.android.systemui:id/statusIcons" class="android.widget.LinearLayout" package="com.android.systemui" content-desc="" checkable="false" checked="false" clickable="false" enabled="true" focusable="false" focused="false" scrollable="false" long-clickable="false" password="false" selected="false" visible-to-user="true" bounds="[540,0][1029,54]">
                <node index="0" text="" resource-id="com.android.systemui:id/wifi_combo" class="android.widget.FrameLayout" package="com.android.systemui" content-desc="Wifi signal full." checkable="false" checked="false" clickable="false" enabled="true" focusable="false" focused="false" scrollable="false" long-clickable="false" password="false" selected="false" visible-to-user="true" bounds="[972,2][1015,52]">
                  <node index="0" text="" resource-id="com.android.systemui:id/wifi_group" class="android.widget.LinearLayout" package="com.android.systemui" content-desc="" checkable="false" checked="false" clickable="false" enabled="true" focusable="false" focused="false" scrollable="false" long-clickable="false" password="false" selected="false" visible-to-user="true" bounds="[978,2][1015,52]">
                    <node index="0" text="" resource-id="com.android.systemui:id/wifi_combo" class="android.widget.FrameLayout" package="com.android.systemui" content-desc="" checkable="false" checked="false" clickable="false" enabled="true" focusable="false" focused="false" scrollable="false" long-clickable="false" password="false" selected="false" visible-to-user="true" bounds="[978,10][1015,44]">
                      <node index="0" text="" resource-id="com.android.systemui:id/wifi_signal" class="android.widget.ImageView" package="com.android.systemui" content-desc="" checkable="false" checked="false" clickable="false" enabled="true" focusable="false" focused="false" scrollable="false" long-clickable="false" password="false" selected="false" visible-to-user="true" bounds="[978,10][1015,44]" />
                    </node>
                  </node>
                </node>
              </node>
              <node index="1" text="" resource-id="com.android.systemui:id/battery" class="android.widget.LinearLayout" package="com.android.systemui" content-desc="Battery charging, 100 percent." checkable="false" checked="false" clickable="false" enabled="true" focusable="false" focused="false" scrollable="false" long-clickable="false" password="false" selected="false" visible-to-user="true" bounds="[1029,0][1048,54]">
                <node index="0" text="" resource-id="" class="android.widget.ImageView" package="com.android.systemui" content-desc="" checkable="false" checked="false" clickable="false" enabled="true" focusable="false" focused="false" scrollable="false" long-clickable="false" password="false" selected="false" visible-to-user="true" bounds="[1029,12][1048,41]" />
              </node>
            </node>
          </node>
        </node>
      </node>
    </node>
  </node>
  <node index="0" text="" resource-id="" class="android.widget.FrameLayout" package="com.instagram.android" content-desc="" checkable="false" checked="false" clickable="false" enabled="true" focusable="false" focused="false" scrollable="false" long-clickable="false" password="false" selected="false" visible-to-user="true" bounds="[0,0][1080,1920]">
    <node index="0" text="" resource-id="" class="android.widget.LinearLayout" package="com.instagram.android" content-desc="" checkable="false" checked="false" clickable="false" enabled="true" focusable="false" focused="false" scrollable="false" long-clickable="false" password="false" selected="false" visible-to-user="true" bounds="[0,0][1080,1920]">
      <node index="0" text="" resource-id="" class="android.widget.FrameLayout" package="com.instagram.android" content-desc="" checkable="false" checked="false" clickable="false" enabled="true" focusable="false" focused="false" scrollable="false" long-clickable="false" password="false" selected="false" visible-to-user="true" bounds="[0,0][1080,1920]">
        <node index="0" text="" resource-id="com.instagram.android:id/action_bar_root" class="android.widget.LinearLayout" package="com.instagram.android" content-desc="" checkable="false" checked="false" clickable="false" enabled="true" focusable="false" focused="false" scrollable="false" long-clickable="false" password="false" selected="false" visible-to-user="true" bounds="[0,0][1080,1920]">
          <node index="0" text="" resource-id="android:id/content" class="android.widget.FrameLayout" package="com.instagram.android" content-desc="" checkable="false" checked="false" clickable="false" enabled="true" focusable="false" focused="false" scrollable="false" long-clickable="false" password="false" selected="false" visible-to-user="true" bounds="[0,0][1080,1920]">
            <node index="0" text="" resource-id="com.instagram.android:id/swipe_navigation_container" class="android.widget.FrameLayout" package="com.instagram.android" content-desc="" checkable="false" checked="false" clickable="false" enabled="true" focusable="false" focused="false" scrollable="false" long-clickable="false" password="false" selected="false" visible-to-user="true" bounds="[0,0][1080,1920]">
              <node index="0" text="" resource-id="com.instagram.android:id/bottom_sheet_camera_container" class="android.widget.FrameLayout" package="com.instagram.android" content-desc="" checkable="false" checked="false" clickable="false" enabled="true" focusable="false" focused="false" scrollable="false" long-clickable="false" password="false" selected="false" visible-to-user="true" bounds="[0,0][1080,1920]" />
              <node index="2" text="" resource-id="com.instagram.android:id/layout_container_center_right_coordinator_layout" class="android.view.ViewGroup" package="com.instagram.android" content-desc="" checkable="false" checked="false" clickable="false" enabled="true" focusable="false" focused="false" scrollable="false" long-clickable="false" password="false" selected="false" visible-to-user="true" bounds="[0,0][1080,1920]">
                <node index="1" text="" resource-id="com.instagram.android:id/activity_and_camera_shared_views_main_container" class="android.widget.FrameLayout" package="com.instagram.android" content-desc="" checkable="false" checked="false" clickable="false" enabled="true" focusable="false" focused="false" scrollable="false" long-clickable="false" password="false" selected="false" visible-to-user="true" bounds="[0,54][1080,1920]" />
                <node index="2" text="" resource-id="com.instagram.android:id/layout_container_main_panel" class="android.widget.FrameLayout" package="com.instagram.android" content-desc="" checkable="false" checked="false" clickable="false" enabled="true" focusable="false" focused="false" scrollable="false" long-clickable="false" password="false" selected="false" visible-to-user="true" bounds="[0,54][1080,1920]">
                  <node index="0" text="" resource-id="com.instagram.android:id/layout_container_main" class="android.widget.FrameLayout" package="com.instagram.android" content-desc="" checkable="false" checked="false" clickable="false" enabled="true" focusable="false" focused="false" scrollable="false" long-clickable="false" password="false" selected="false" visible-to-user="true" bounds="[0,54][1080,1821]">
                    <node index="0" text="" resource-id="com.instagram.android:id/coordinator_root_layout" class="android.view.ViewGroup" package="com.instagram.android" content-desc="" checkable="false" checked="false" clickable="false" enabled="true" focusable="false" focused="false" scrollable="false" long-clickable="false" password="false" selected="false" visible-to-user="true" bounds="[0,180][1080,1821]">
                      <node index="0" text="" resource-id="" class="android.widget.FrameLayout" package="com.instagram.android" content-desc="" checkable="false" checked="false" clickable="false" enabled="true" focusable="false" focused="false" scrollable="false" long-clickable="false" password="false" selected="false" visible-to-user="true" bounds="[0,180][1080,1821]" />
                      <node index="1" text="" resource-id="com.instagram.android:id/tab_appbar" class="android.widget.LinearLayout" package="com.instagram.android" content-desc="" checkable="false" checked="false" clickable="false" enabled="true" focusable="false" focused="false" scrollable="false" long-clickable="false" password="false" selected="false" visible-to-user="true" bounds="[0,180][1080,1299]">
                        <node index="0" text="" resource-id="com.instagram.android:id/profile_header_container" class="android.widget.LinearLayout" package="com.instagram.android" content-desc="" checkable="false" checked="false" clickable="false" enabled="true" focusable="false" focused="false" scrollable="false" long-clickable="false" password="false" selected="false" visible-to-user="true" bounds="[0,180][1080,1299]">
                          <node index="0" text="" resource-id="com.instagram.android:id/profile_header_fixed_list" class="android.widget.LinearLayout" package="com.instagram.android" content-desc="" checkable="false" checked="false" clickable="false" enabled="true" focusable="false" focused="false" scrollable="false" long-clickable="false" password="false" selected="false" visible-to-user="true" bounds="[0,180][1080,1190]">
                            <node index="1" text="" resource-id="com.instagram.android:id/row_profile_header" class="android.view.ViewGroup" package="com.instagram.android" content-desc="" checkable="false" checked="false" clickable="false" enabled="true" focusable="false" focused="false" scrollable="false" long-clickable="false" password="false" selected="false" visible-to-user="true" bounds="[0,180][1080,821]">
                              <node index="0" text="" resource-id="com.instagram.android:id/profile_header_avatar_container_top_left_stub" class="android.view.ViewGroup" package="com.instagram.android" content-desc="" checkable="false" checked="false" clickable="false" enabled="true" focusable="false" focused="false" scrollable="false" long-clickable="false" password="false" selected="false" visible-to-user="true" bounds="[36,198][248,410]">
                                <node index="0" text="" resource-id="com.instagram.android:id/reel_ring" class="android.view.View" package="com.instagram.android" content-desc="" checkable="false" checked="false" clickable="false" enabled="true" focusable="false" focused="false" scrollable="false" long-clickable="false" password="false" selected="false" visible-to-user="true" bounds="[36,198][248,410]" />
                                <node index="1" text="" resource-id="com.instagram.android:id/row_profile_header_imageview" class="android.widget.ImageView" package="com.instagram.android" content-desc="Profile picture of esn.unwe" checkable="false" checked="false" clickable="true" enabled="true" focusable="true" focused="false" scrollable="false" long-clickable="true" password="false" selected="false" visible-to-user="true" bounds="[45,207][239,401]" />
                              </node>
                              <node index="1" text="" resource-id="" class="android.view.ViewGroup" package="com.instagram.android" content-desc="" checkable="false" checked="false" clickable="false" enabled="true" focusable="false" focused="false" scrollable="false" long-clickable="false" password="false" selected="false" visible-to-user="true" bounds="[284,198][1044,410]">
                                <node index="0" text="" resource-id="com.instagram.android:id/row_profile_header_post_count_container" class="" package="com.instagram.android" content-desc="191Posts" checkable="false" checked="false" clickable="true" enabled="true" focusable="true" focused="false" scrollable="false" long-clickable="false" password="false" selected="false" visible-to-user="true" bounds="[284,198][530,410]">
                                  <node index="0" text="191" resource-id="com.instagram.android:id/row_profile_header_textview_post_count" class="android.widget.TextView" package="com.instagram.android" content-desc="" checkable="false" checked="false" clickable="false" enabled="true" focusable="false" focused="false" scrollable="false" long-clickable="false" password="false" selected="false" visible-to-user="true" bounds="[284,248][530,311]" />
                                  <node index="1" text="Posts" resource-id="" class="android.widget.TextView" package="com.instagram.android" content-desc="" checkable="false" checked="false" clickable="false" enabled="true" focusable="false" focused="false" scrollable="false" long-clickable="false" password="false" selected="false" visible-to-user="true" bounds="[284,311][530,360]" />
                                </node>
                                <node index="1" text="" resource-id="com.instagram.android:id/row_profile_header_followers_container" class="" package="com.instagram.android" content-desc="1,212Followers" checkable="false" checked="false" clickable="true" enabled="true" focusable="true" focused="false" scrollable="false" long-clickable="false" password="false" selected="false" visible-to-user="true" bounds="[541,198][787,410]">
                                  <node index="0" text="1,212" resource-id="com.instagram.android:id/row_profile_header_textview_followers_count" class="android.widget.TextView" package="com.instagram.android" content-desc="" checkable="false" checked="false" clickable="false" enabled="true" focusable="false" focused="false" scrollable="false" long-clickable="false" password="false" selected="false" visible-to-user="true" bounds="[541,248][787,311]" />
                                  <node index="1" text="Followers" resource-id="com.instagram.android:id/row_profile_header_textview_followers_title" class="android.widget.TextView" package="com.instagram.android" content-desc="" checkable="false" checked="false" clickable="false" enabled="true" focusable="false" focused="false" scrollable="false" long-clickable="false" password="false" selected="false" visible-to-user="true" bounds="[541,311][787,360]" />
                                </node>
                                <node index="2" text="" resource-id="com.instagram.android:id/row_profile_header_following_container" class="" package="com.instagram.android" content-desc="447Following" checkable="false" checked="false" clickable="true" enabled="true" focusable="true" focused="false" scrollable="false" long-clickable="false" password="false" selected="false" visible-to-user="true" bounds="[798,198][1044,410]">
                                  <node index="0" text="447" resource-id="com.instagram.android:id/row_profile_header_textview_following_count" class="android.widget.TextView" package="com.instagram.android" content-desc="" checkable="false" checked="false" clickable="false" enabled="true" focusable="false" focused="false" scrollable="false" long-clickable="false" password="false" selected="false" visible-to-user="true" bounds="[798,248][1044,311]" />
                                  <node index="1" text="Following" resource-id="" class="android.widget.TextView" package="com.instagram.android" content-desc="" checkable="false" checked="false" clickable="false" enabled="true" focusable="false" focused="false" scrollable="false" long-clickable="false" password="false" selected="false" visible-to-user="true" bounds="[798,311][1044,360]" />
                                </node>
                              </node>
                              <node index="2" text="Erasmus Student Network UNWE" resource-id="com.instagram.android:id/profile_header_full_name" class="android.widget.TextView" package="com.instagram.android" content-desc="" checkable="false" checked="false" clickable="false" enabled="true" focusable="false" focused="false" scrollable="false" long-clickable="false" password="false" selected="false" visible-to-user="true" bounds="[36,410][567,470]" />
                              <node index="3" text="&#128205; #ErasmusGeneration in Sofia, Bulgaria &#127463;&#127468;&#10;&#128161; Students Helping Students&#10;&#129309; Part of @esn_bulgaria &amp; @esn_int&#10;&#128248; Share your #esnunwe moments with us!" resource-id="com.instagram.android:id/profile_header_bio_text" class="android.widget.TextView" package="com.instagram.android" content-desc="" checkable="false" checked="false" clickable="false" enabled="true" focusable="false" focused="false" scrollable="false" long-clickable="false" password="false" selected="false" visible-to-user="true" bounds="[36,470][1044,664]" />
                              <node index="4" text="linktr.ee/esn.unwe" resource-id="com.instagram.android:id/profile_header_website" class="android.widget.Button" package="com.instagram.android" content-desc="" checkable="false" checked="false" clickable="true" enabled="true" focusable="true" focused="false" scrollable="false" long-clickable="false" password="false" selected="false" visible-to-user="true" bounds="[36,664][1044,713]" />
                              <node index="5" text="" resource-id="com.instagram.android:id/profile_header_follow_context" class="android.widget.LinearLayout" package="com.instagram.android" content-desc="" checkable="false" checked="false" clickable="true" enabled="true" focusable="true" focused="false" scrollable="false" long-clickable="false" password="false" selected="false" visible-to-user="true" bounds="[36,713][1044,794]">
                                <node index="0" text="" resource-id="com.instagram.android:id/profile_header_follow_context_facepile" class="android.widget.ImageView" package="com.instagram.android" content-desc="" checkable="false" checked="false" clickable="false" enabled="true" focusable="false" focused="false" scrollable="false" long-clickable="false" password="false" selected="false" visible-to-user="true" bounds="[36,731][181,794]" />
                                <node index="1" text="Followed by tv.lips_, nik.martinn and 10 others" resource-id="com.instagram.android:id/profile_header_follow_context_text" class="android.widget.TextView" package="com.instagram.android" content-desc="Followed by tv.lips_, nik.martinn and 10 others" checkable="false" checked="false" clickable="false" enabled="true" focusable="false" focused="false" scrollable="false" long-clickable="false" password="false" selected="false" visible-to-user="true" bounds="[199,738][1044,787]" />
                              </node>
                            </node>
                            <node index="2" text="" resource-id="" class="android.widget.LinearLayout" package="com.instagram.android" content-desc="" checkable="false" checked="false" clickable="false" enabled="true" focusable="false" focused="false" scrollable="false" long-clickable="false" password="false" selected="false" visible-to-user="true" bounds="[0,821][1080,903]">
                              <node index="0" text="" resource-id="com.instagram.android:id/profile_header_actions_top_row" class="android.widget.LinearLayout" package="com.instagram.android" content-desc="" checkable="false" checked="false" clickable="false" enabled="true" focusable="false" focused="false" scrollable="false" long-clickable="false" password="false" selected="false" visible-to-user="true" bounds="[0,821][1080,898]">
                                <node index="0" text="Following" resource-id="" class="android.widget.Button" package="com.instagram.android" content-desc="Following Erasmus Student Network UNWE" checkable="false" checked="false" clickable="true" enabled="true" focusable="true" focused="false" scrollable="false" long-clickable="true" password="false" selected="false" visible-to-user="true" bounds="[27,821][329,898]" />
                                <node index="1" text="" resource-id="" class="android.widget.Button" package="com.instagram.android" content-desc="" checkable="false" checked="false" clickable="true" enabled="true" focusable="false" focused="false" scrollable="false" long-clickable="false" password="false" selected="false" visible-to-user="true" bounds="[343,821][645,898]">
                                  <node index="0" text="Message" resource-id="com.instagram.android:id/button_text" class="android.widget.Button" package="com.instagram.android" content-desc="" checkable="false" checked="false" clickable="true" enabled="true" focusable="false" focused="false" scrollable="false" long-clickable="false" password="false" selected="false" visible-to-user="true" bounds="[414,833][573,886]" />
                                </node>
                                <node index="2" text="" resource-id="" class="android.widget.Button" package="com.instagram.android" content-desc="" checkable="false" checked="false" clickable="true" enabled="true" focusable="false" focused="false" scrollable="false" long-clickable="false" password="false" selected="false" visible-to-user="true" bounds="[659,821][961,898]">
                                  <node index="0" text="Contact" resource-id="com.instagram.android:id/button_text" class="android.widget.Button" package="com.instagram.android" content-desc="" checkable="false" checked="false" clickable="true" enabled="true" focusable="false" focused="false" scrollable="false" long-clickable="false" password="false" selected="false" visible-to-user="true" bounds="[742,833][878,886]" />
                                </node>
                                <node index="3" text="" resource-id="com.instagram.android:id/row_profile_header_button_chaining" class="android.widget.Button" package="com.instagram.android" content-desc="@2131899058" checkable="false" checked="false" clickable="true" enabled="true" focusable="true" focused="false" scrollable="false" long-clickable="false" password="false" selected="false" visible-to-user="true" bounds="[975,821][1052,898]">
                                  <node index="0" text="" resource-id="com.instagram.android:id/chaining_button" class="android.widget.ImageView" package="com.instagram.android" content-desc="" checkable="false" checked="false" clickable="false" enabled="true" focusable="false" focused="false" scrollable="false" long-clickable="false" password="false" selected="false" visible-to-user="true" bounds="[975,821][1052,898]" />
                                </node>
                              </node>
                            </node>
                            <node index="3" text="" resource-id="" class="android.widget.LinearLayout" package="com.instagram.android" content-desc="" checkable="false" checked="false" clickable="false" enabled="true" focusable="false" focused="false" scrollable="false" long-clickable="false" password="false" selected="false" visible-to-user="true" bounds="[0,930][1080,1167]">
                              <node index="0" text="" resource-id="com.instagram.android:id/highlights_reel_tray_recycler_view" class="androidx.recyclerview.widget.RecyclerView" package="com.instagram.android" content-desc="" checkable="false" checked="false" clickable="false" enabled="true" focusable="true" focused="false" scrollable="true" long-clickable="false" password="false" selected="false" visible-to-user="true" bounds="[0,930][1080,1167]">
                                <node index="0" text="" resource-id="com.instagram.android:id/outer_container" class="android.widget.LinearLayout" package="com.instagram.android" content-desc="" checkable="false" checked="false" clickable="true" enabled="true" focusable="true" focused="false" scrollable="false" long-clickable="false" password="false" selected="false" visible-to-user="true" bounds="[5,930][203,1167]">
                                  <node index="0" text="" resource-id="com.instagram.android:id/avatar_view" class="android.widget.FrameLayout" package="com.instagram.android" content-desc="" checkable="false" checked="false" clickable="false" enabled="true" focusable="false" focused="false" scrollable="false" long-clickable="false" password="false" selected="false" visible-to-user="true" bounds="[5,930][203,1111]">
                                    <node index="0" text="" resource-id="" class="android.widget.FrameLayout" package="com.instagram.android" content-desc="" checkable="false" checked="false" clickable="false" enabled="true" focusable="false" focused="false" scrollable="false" long-clickable="false" password="false" selected="false" visible-to-user="true" bounds="[5,930][203,1111]">
                                      <node index="0" text="" resource-id="com.instagram.android:id/avatar_container" class="android.widget.FrameLayout" package="com.instagram.android" content-desc="" checkable="false" checked="false" clickable="false" enabled="true" focusable="false" focused="false" scrollable="false" long-clickable="false" password="false" selected="false" visible-to-user="true" bounds="[5,930][203,1111]">
                                        <node index="0" text="" resource-id="com.instagram.android:id/seen_state" class="android.view.View" package="com.instagram.android" content-desc="" checkable="false" checked="false" clickable="false" enabled="true" focusable="false" focused="false" scrollable="false" long-clickable="false" password="false" selected="false" visible-to-user="true" bounds="[25,948][183,1106]" />
                                        <node index="1" text="" resource-id="com.instagram.android:id/avatar_image_view" class="android.widget.ImageView" package="com.instagram.android" content-desc="esn.unwe's highlight story at column 0" checkable="false" checked="false" clickable="false" enabled="true" focusable="false" focused="false" scrollable="false" long-clickable="false" password="false" selected="false" visible-to-user="true" bounds="[34,957][174,1097]" />
                                      </node>
                                    </node>
                                  </node>
                                  <node index="1" text="" resource-id="com.instagram.android:id/title_container" class="android.view.ViewGroup" package="com.instagram.android" content-desc="" checkable="false" checked="false" clickable="false" enabled="true" focusable="false" focused="false" scrollable="false" long-clickable="false" password="false" selected="false" visible-to-user="true" bounds="[5,1111][203,1153]">
                                    <node index="0" text="MEMBERS" resource-id="com.instagram.android:id/username" class="android.widget.TextView" package="com.instagram.android" content-desc="" checkable="false" checked="false" clickable="false" enabled="true" focusable="false" focused="false" scrollable="false" long-clickable="false" password="false" selected="false" visible-to-user="true" bounds="[31,1111][177,1153]" />
                                  </node>
                                </node>
                                <node index="1" text="" resource-id="com.instagram.android:id/outer_container" class="android.widget.LinearLayout" package="com.instagram.android" content-desc="" checkable="false" checked="false" clickable="true" enabled="true" focusable="true" focused="false" scrollable="false" long-clickable="false" password="false" selected="false" visible-to-user="true" bounds="[203,930][401,1167]">
                                  <node index="0" text="" resource-id="com.instagram.android:id/avatar_view" class="android.widget.FrameLayout" package="com.instagram.android" content-desc="" checkable="false" checked="false" clickable="false" enabled="true" focusable="false" focused="false" scrollable="false" long-clickable="false" password="false" selected="false" visible-to-user="true" bounds="[203,930][401,1111]">
                                    <node index="0" text="" resource-id="" class="android.widget.FrameLayout" package="com.instagram.android" content-desc="" checkable="false" checked="false" clickable="false" enabled="true" focusable="false" focused="false" scrollable="false" long-clickable="false" password="false" selected="false" visible-to-user="true" bounds="[203,930][401,1111]">
                                      <node index="0" text="" resource-id="com.instagram.android:id/avatar_container" class="android.widget.FrameLayout" package="com.instagram.android" content-desc="" checkable="false" checked="false" clickable="false" enabled="true" focusable="false" focused="false" scrollable="false" long-clickable="false" password="false" selected="false" visible-to-user="true" bounds="[203,930][401,1111]">
                                        <node index="0" text="" resource-id="com.instagram.android:id/seen_state" class="android.view.View" package="com.instagram.android" content-desc="" checkable="false" checked="false" clickable="false" enabled="true" focusable="false" focused="false" scrollable="false" long-clickable="false" password="false" selected="false" visible-to-user="true" bounds="[223,948][381,1106]" />
                                        <node index="1" text="" resource-id="com.instagram.android:id/avatar_image_view" class="android.widget.ImageView" package="com.instagram.android" content-desc="esn.unwe's highlight story at column 1" checkable="false" checked="false" clickable="false" enabled="true" focusable="false" focused="false" scrollable="false" long-clickable="false" password="false" selected="false" visible-to-user="true" bounds="[232,957][372,1097]" />
                                      </node>
                                    </node>
                                  </node>
                                  <node index="1" text="" resource-id="com.instagram.android:id/title_container" class="android.view.ViewGroup" package="com.instagram.android" content-desc="" checkable="false" checked="false" clickable="false" enabled="true" focusable="false" focused="false" scrollable="false" long-clickable="false" password="false" selected="false" visible-to-user="true" bounds="[203,1111][401,1153]">
                                    <node index="0" text="PARTNERS" resource-id="com.instagram.android:id/username" class="android.widget.TextView" package="com.instagram.android" content-desc="" checkable="false" checked="false" clickable="false" enabled="true" focusable="false" focused="false" scrollable="false" long-clickable="false" password="false" selected="false" visible-to-user="true" bounds="[226,1111][378,1153]" />
                                  </node>
                                </node>
                                <node index="2" text="" resource-id="com.instagram.android:id/outer_container" class="android.widget.LinearLayout" package="com.instagram.android" content-desc="" checkable="false" checked="false" clickable="true" enabled="true" focusable="true" focused="false" scrollable="false" long-clickable="false" password="false" selected="false" visible-to-user="true" bounds="[401,930][599,1167]">
                                  <node index="0" text="" resource-id="com.instagram.android:id/avatar_view" class="android.widget.FrameLayout" package="com.instagram.android" content-desc="" checkable="false" checked="false" clickable="false" enabled="true" focusable="false" focused="false" scrollable="false" long-clickable="false" password="false" selected="false" visible-to-user="true" bounds="[401,930][599,1111]">
                                    <node index="0" text="" resource-id="" class="android.widget.FrameLayout" package="com.instagram.android" content-desc="" checkable="false" checked="false" clickable="false" enabled="true" focusable="false" focused="false" scrollable="false" long-clickable="false" password="false" selected="false" visible-to-user="true" bounds="[401,930][599,1111]">
                                      <node index="0" text="" resource-id="com.instagram.android:id/avatar_container" class="android.widget.FrameLayout" package="com.instagram.android" content-desc="" checkable="false" checked="false" clickable="false" enabled="true" focusable="false" focused="false" scrollable="false" long-clickable="false" password="false" selected="false" visible-to-user="true" bounds="[401,930][599,1111]">
                                        <node index="0" text="" resource-id="com.instagram.android:id/seen_state" class="android.view.View" package="com.instagram.android" content-desc="" checkable="false" checked="false" clickable="false" enabled="true" focusable="false" focused="false" scrollable="false" long-clickable="false" password="false" selected="false" visible-to-user="true" bounds="[421,948][579,1106]" />
                                        <node index="1" text="" resource-id="com.instagram.android:id/avatar_image_view" class="android.widget.ImageView" package="com.instagram.android" content-desc="esn.unwe's highlight story at column 2" checkable="false" checked="false" clickable="false" enabled="true" focusable="false" focused="false" scrollable="false" long-clickable="false" password="false" selected="false" visible-to-user="true" bounds="[430,957][570,1097]" />
                                      </node>
                                    </node>
                                  </node>
                                  <node index="1" text="" resource-id="com.instagram.android:id/title_container" class="android.view.ViewGroup" package="com.instagram.android" content-desc="" checkable="false" checked="false" clickable="false" enabled="true" focusable="false" focused="false" scrollable="false" long-clickable="false" password="false" selected="false" visible-to-user="true" bounds="[401,1111][599,1153]">
                                    <node index="0" text="TRIPS" resource-id="com.instagram.android:id/username" class="android.widget.TextView" package="com.instagram.android" content-desc="" checkable="false" checked="false" clickable="false" enabled="true" focusable="false" focused="false" scrollable="false" long-clickable="false" password="false" selected="false" visible-to-user="true" bounds="[458,1111][542,1153]" />
                                  </node>
                                </node>
                                <node index="3" text="" resource-id="com.instagram.android:id/outer_container" class="android.widget.LinearLayout" package="com.instagram.android" content-desc="" checkable="false" checked="false" clickable="true" enabled="true" focusable="true" focused="false" scrollable="false" long-clickable="false" password="false" selected="false" visible-to-user="true" bounds="[599,930][797,1167]">
                                  <node index="0" text="" resource-id="com.instagram.android:id/avatar_view" class="android.widget.FrameLayout" package="com.instagram.android" content-desc="" checkable="false" checked="false" clickable="false" enabled="true" focusable="false" focused="false" scrollable="false" long-clickable="false" password="false" selected="false" visible-to-user="true" bounds="[599,930][797,1111]">
                                    <node index="0" text="" resource-id="" class="android.widget.FrameLayout" package="com.instagram.android" content-desc="" checkable="false" checked="false" clickable="false" enabled="true" focusable="false" focused="false" scrollable="false" long-clickable="false" password="false" selected="false" visible-to-user="true" bounds="[599,930][797,1111]">
                                      <node index="0" text="" resource-id="com.instagram.android:id/avatar_container" class="android.widget.FrameLayout" package="com.instagram.android" content-desc="" checkable="false" checked="false" clickable="false" enabled="true" focusable="false" focused="false" scrollable="false" long-clickable="false" password="false" selected="false" visible-to-user="true" bounds="[599,930][797,1111]">
                                        <node index="0" text="" resource-id="com.instagram.android:id/seen_state" class="android.view.View" package="com.instagram.android" content-desc="" checkable="false" checked="false" clickable="false" enabled="true" focusable="false" focused="false" scrollable="false" long-clickable="false" password="false" selected="false" visible-to-user="true" bounds="[619,948][777,1106]" />
                                        <node index="1" text="" resource-id="com.instagram.android:id/avatar_image_view" class="android.widget.ImageView" package="com.instagram.android" content-desc="esn.unwe's highlight story at column 3" checkable="false" checked="false" clickable="false" enabled="true" focusable="false" focused="false" scrollable="false" long-clickable="false" password="false" selected="false" visible-to-user="true" bounds="[628,957][768,1097]" />
                                      </node>
                                    </node>
                                  </node>
                                  <node index="1" text="" resource-id="com.instagram.android:id/title_container" class="android.view.ViewGroup" package="com.instagram.android" content-desc="" checkable="false" checked="false" clickable="false" enabled="true" focusable="false" focused="false" scrollable="false" long-clickable="false" password="false" selected="false" visible-to-user="true" bounds="[599,1111][797,1153]">
                                    <node index="0" text="EVENTS" resource-id="com.instagram.android:id/username" class="android.widget.TextView" package="com.instagram.android" content-desc="" checkable="false" checked="false" clickable="false" enabled="true" focusable="false" focused="false" scrollable="false" long-clickable="false" password="false" selected="false" visible-to-user="true" bounds="[641,1111][756,1153]" />
                                  </node>
                                </node>
                                <node index="4" text="" resource-id="com.instagram.android:id/outer_container" class="android.widget.LinearLayout" package="com.instagram.android" content-desc="" checkable="false" checked="false" clickable="true" enabled="true" focusable="true" focused="false" scrollable="false" long-clickable="false" password="false" selected="false" visible-to-user="true" bounds="[797,930][995,1167]">
                                  <node index="0" text="" resource-id="com.instagram.android:id/avatar_view" class="android.widget.FrameLayout" package="com.instagram.android" content-desc="" checkable="false" checked="false" clickable="false" enabled="true" focusable="false" focused="false" scrollable="false" long-clickable="false" password="false" selected="false" visible-to-user="true" bounds="[797,930][995,1111]">
                                    <node index="0" text="" resource-id="" class="android.widget.FrameLayout" package="com.instagram.android" content-desc="" checkable="false" checked="false" clickable="false" enabled="true" focusable="false" focused="false" scrollable="false" long-clickable="false" password="false" selected="false" visible-to-user="true" bounds="[797,930][995,1111]">
                                      <node index="0" text="" resource-id="com.instagram.android:id/avatar_container" class="android.widget.FrameLayout" package="com.instagram.android" content-desc="" checkable="false" checked="false" clickable="false" enabled="true" focusable="false" focused="false" scrollable="false" long-clickable="false" password="false" selected="false" visible-to-user="true" bounds="[797,930][995,1111]">
                                        <node index="0" text="" resource-id="com.instagram.android:id/seen_state" class="android.view.View" package="com.instagram.android" content-desc="" checkable="false" checked="false" clickable="false" enabled="true" focusable="false" focused="false" scrollable="false" long-clickable="false" password="false" selected="false" visible-to-user="true" bounds="[817,948][975,1106]" />
                                        <node index="1" text="" resource-id="com.instagram.android:id/avatar_image_view" class="android.widget.ImageView" package="com.instagram.android" content-desc="esn.unwe's highlight story at column 4" checkable="false" checked="false" clickable="false" enabled="true" focusable="false" focused="false" scrollable="false" long-clickable="false" password="false" selected="false" visible-to-user="true" bounds="[826,957][966,1097]" />
                                      </node>
                                    </node>
                                  </node>
                                  <node index="1" text="" resource-id="com.instagram.android:id/title_container" class="android.view.ViewGroup" package="com.instagram.android" content-desc="" checkable="false" checked="false" clickable="false" enabled="true" focusable="false" focused="false" scrollable="false" long-clickable="false" password="false" selected="false" visible-to-user="true" bounds="[797,1111][995,1153]">
                                    <node index="0" text="EGM 2022" resource-id="com.instagram.android:id/username" class="android.widget.TextView" package="com.instagram.android" content-desc="" checkable="false" checked="false" clickable="false" enabled="true" focusable="false" focused="false" scrollable="false" long-clickable="false" password="false" selected="false" visible-to-user="true" bounds="[825,1111][967,1153]" />
                                  </node>
                                </node>
                                <node index="5" text="" resource-id="com.instagram.android:id/outer_container" class="android.widget.LinearLayout" package="com.instagram.android" content-desc="" checkable="false" checked="false" clickable="true" enabled="true" focusable="true" focused="false" scrollable="false" long-clickable="false" password="false" selected="false" visible-to-user="true" bounds="[995,930][1080,1167]">
                                  <node index="0" text="" resource-id="com.instagram.android:id/avatar_view" class="android.widget.FrameLayout" package="com.instagram.android" content-desc="" checkable="false" checked="false" clickable="false" enabled="true" focusable="false" focused="false" scrollable="false" long-clickable="false" password="false" selected="false" visible-to-user="true" bounds="[995,930][1080,1111]">
                                    <node index="0" text="" resource-id="" class="android.widget.FrameLayout" package="com.instagram.android" content-desc="" checkable="false" checked="false" clickable="false" enabled="true" focusable="false" focused="false" scrollable="false" long-clickable="false" password="false" selected="false" visible-to-user="true" bounds="[995,930][1080,1111]">
                                      <node index="0" text="" resource-id="com.instagram.android:id/avatar_container" class="android.widget.FrameLayout" package="com.instagram.android" content-desc="" checkable="false" checked="false" clickable="false" enabled="true" focusable="false" focused="false" scrollable="false" long-clickable="false" password="false" selected="false" visible-to-user="true" bounds="[995,930][1080,1111]">
                                        <node index="0" text="" resource-id="com.instagram.android:id/seen_state" class="android.view.View" package="com.instagram.android" content-desc="" checkable="false" checked="false" clickable="false" enabled="true" focusable="false" focused="false" scrollable="false" long-clickable="false" password="false" selected="false" visible-to-user="true" bounds="[1015,948][1080,1106]" />
                                        <node index="1" text="" resource-id="com.instagram.android:id/avatar_image_view" class="android.widget.ImageView" package="com.instagram.android" content-desc="esn.unwe's highlight story at column 5" checkable="false" checked="false" clickable="false" enabled="true" focusable="false" focused="false" scrollable="false" long-clickable="false" password="false" selected="false" visible-to-user="true" bounds="[1024,957][1080,1097]" />
                                      </node>
                                    </node>
                                  </node>
                                  <node index="1" text="" resource-id="com.instagram.android:id/title_container" class="android.view.ViewGroup" package="com.instagram.android" content-desc="" checkable="false" checked="false" clickable="false" enabled="true" focusable="false" focused="false" scrollable="false" long-clickable="false" password="false" selected="false" visible-to-user="true" bounds="[995,1111][1080,1153]">
                                    <node index="0" text="SEEP 2021" resource-id="com.instagram.android:id/username" class="android.widget.TextView" package="com.instagram.android" content-desc="" checkable="false" checked="false" clickable="false" enabled="true" focusable="false" focused="false" scrollable="false" long-clickable="false" password="false" selected="false" visible-to-user="true" bounds="[1019,1111][1080,1153]" />
                                  </node>
                                </node>
                              </node>
                            </node>
                          </node>
                          <node index="1" text="" resource-id="com.instagram.android:id/profile_tabs_container" class="android.widget.LinearLayout" package="com.instagram.android" content-desc="" checkable="false" checked="false" clickable="false" enabled="true" focusable="false" focused="false" scrollable="false" long-clickable="false" password="false" selected="false" visible-to-user="true" bounds="[0,1190][1080,1299]">
                            <node index="0" text="" resource-id="com.instagram.android:id/profile_tab_layout" class="android.widget.HorizontalScrollView" package="com.instagram.android" content-desc="" checkable="false" checked="false" clickable="false" enabled="true" focusable="true" focused="false" scrollable="false" long-clickable="false" password="false" selected="false" visible-to-user="true" bounds="[0,1190][1080,1298]">
                              <node index="0" text="" resource-id="" class="android.widget.LinearLayout" package="com.instagram.android" content-desc="" checkable="false" checked="false" clickable="false" enabled="true" focusable="false" focused="false" scrollable="false" long-clickable="false" password="false" selected="false" visible-to-user="true" bounds="[0,1190][1080,1298]">
                                <node index="0" text="" resource-id="" class="android.widget.LinearLayout" package="com.instagram.android" content-desc="" checkable="false" checked="false" clickable="false" enabled="true" focusable="true" focused="false" scrollable="false" long-clickable="false" password="false" selected="true" visible-to-user="true" bounds="[0,1190][270,1298]">
                                  <node index="0" text="" resource-id="" class="android.widget.FrameLayout" package="com.instagram.android" content-desc="" checkable="false" checked="false" clickable="false" enabled="true" focusable="true" focused="false" scrollable="false" long-clickable="false" password="false" selected="true" visible-to-user="true" bounds="[36,1190][234,1298]">
                                    <node index="0" text="" resource-id="com.instagram.android:id/profile_tab_icon_view" class="android.widget.ImageView" package="com.instagram.android" content-desc="Grid view" checkable="false" checked="false" clickable="true" enabled="true" focusable="true" focused="false" scrollable="false" long-clickable="false" password="false" selected="true" visible-to-user="true" bounds="[36,1190][234,1298]" />
                                  </node>
                                </node>
                                <node index="1" text="" resource-id="" class="android.widget.LinearLayout" package="com.instagram.android" content-desc="" checkable="false" checked="false" clickable="true" enabled="true" focusable="true" focused="false" scrollable="false" long-clickable="false" password="false" selected="false" visible-to-user="true" bounds="[270,1190][540,1298]">
                                  <node index="0" text="" resource-id="" class="android.widget.FrameLayout" package="com.instagram.android" content-desc="" checkable="false" checked="false" clickable="false" enabled="true" focusable="true" focused="false" scrollable="false" long-clickable="false" password="false" selected="false" visible-to-user="true" bounds="[306,1190][504,1298]">
                                    <node index="0" text="" resource-id="com.instagram.android:id/profile_tab_icon_view" class="android.widget.ImageView" package="com.instagram.android" content-desc="Reels" checkable="false" checked="false" clickable="true" enabled="true" focusable="true" focused="false" scrollable="false" long-clickable="false" password="false" selected="false" visible-to-user="true" bounds="[306,1190][504,1298]" />
                                  </node>
                                </node>
                                <node index="2" text="" resource-id="" class="android.widget.LinearLayout" package="com.instagram.android" content-desc="" checkable="false" checked="false" clickable="true" enabled="true" focusable="true" focused="false" scrollable="false" long-clickable="false" password="false" selected="false" visible-to-user="true" bounds="[540,1190][810,1298]">
                                  <node index="0" text="" resource-id="" class="android.widget.FrameLayout" package="com.instagram.android" content-desc="" checkable="false" checked="false" clickable="false" enabled="true" focusable="true" focused="false" scrollable="false" long-clickable="false" password="false" selected="false" visible-to-user="true" bounds="[576,1190][774,1298]">
                                    <node index="0" text="" resource-id="com.instagram.android:id/profile_tab_icon_view" class="android.widget.ImageView" package="com.instagram.android" content-desc="Video" checkable="false" checked="false" clickable="true" enabled="true" focusable="true" focused="false" scrollable="false" long-clickable="false" password="false" selected="false" visible-to-user="true" bounds="[576,1190][774,1298]" />
                                  </node>
                                </node>
                                <node index="3" text="" resource-id="" class="android.widget.LinearLayout" package="com.instagram.android" content-desc="" checkable="false" checked="false" clickable="true" enabled="true" focusable="true" focused="false" scrollable="false" long-clickable="false" password="false" selected="false" visible-to-user="true" bounds="[810,1190][1080,1298]">
                                  <node index="0" text="" resource-id="" class="android.widget.FrameLayout" package="com.instagram.android" content-desc="" checkable="false" checked="false" clickable="false" enabled="true" focusable="true" focused="false" scrollable="false" long-clickable="false" password="false" selected="false" visible-to-user="true" bounds="[846,1190][1044,1298]">
                                    <node index="0" text="" resource-id="com.instagram.android:id/profile_tab_icon_view" class="android.widget.ImageView" package="com.instagram.android" content-desc="Photos of you" checkable="false" checked="false" clickable="true" enabled="true" focusable="true" focused="false" scrollable="false" long-clickable="false" password="false" selected="false" visible-to-user="true" bounds="[846,1190][1044,1298]" />
                                  </node>
                                </node>
                              </node>
                            </node>
                            <node index="1" text="" resource-id="com.instagram.android:id/profile_tabs_bottom_divider" class="android.view.View" package="com.instagram.android" content-desc="" checkable="false" checked="false" clickable="false" enabled="true" focusable="false" focused="false" scrollable="false" long-clickable="false" password="false" selected="false" visible-to-user="true" bounds="[0,1298][1080,1299]" />
                          </node>
                        </node>
                      </node>
                      <node index="2" text="" resource-id="com.instagram.android:id/swipe_refresh_animated_progressbar_container_background" class="android.view.View" package="com.instagram.android" content-desc="" checkable="false" checked="false" clickable="false" enabled="true" focusable="false" focused="false" scrollable="false" long-clickable="false" password="false" selected="false" visible-to-user="true" bounds="[0,180][1080,181]" />
                      <node index="3" text="" resource-id="com.instagram.android:id/swipe_refresh_animated_progressbar_container" class="android.view.View" package="com.instagram.android" content-desc="" checkable="false" checked="false" clickable="false" enabled="true" focusable="false" focused="false" scrollable="false" long-clickable="false" password="false" selected="false" visible-to-user="true" bounds="[461,180][619,338]" />
                      <node index="4" text="" resource-id="com.instagram.android:id/profile_viewpager" class="androidx.viewpager.widget.ViewPager" package="com.instagram.android" content-desc="" checkable="false" checked="false" clickable="false" enabled="true" focusable="true" focused="false" scrollable="true" long-clickable="false" password="false" selected="false" visible-to-user="true" bounds="[0,1299][1080,1821]">
                        <node index="0" text="" resource-id="android:id/list" class="androidx.recyclerview.widget.RecyclerView" package="com.instagram.android" content-desc="" checkable="false" checked="false" clickable="false" enabled="true" focusable="true" focused="false" scrollable="false" long-clickable="false" password="false" selected="false" visible-to-user="true" bounds="[0,1299][1080,1821]">
                          <node index="0" text="" resource-id="com.instagram.android:id/gap_binder_group" class="android.view.View" package="com.instagram.android" content-desc="" checkable="false" checked="false" clickable="false" enabled="true" focusable="false" focused="false" scrollable="false" long-clickable="false" password="false" selected="false" visible-to-user="true" bounds="[0,1299][1080,1302]" />
                          <node index="1" text="" resource-id="com.instagram.android:id/media_set_row_content_identifier" class="android.widget.LinearLayout" package="com.instagram.android" content-desc="" checkable="false" checked="false" clickable="false" enabled="true" focusable="false" focused="false" scrollable="false" long-clickable="false" password="false" selected="false" visible-to-user="true" bounds="[0,1302][1080,1663]">
                            <node index="0" text="" resource-id="" class="android.widget.Button" package="com.instagram.android" content-desc="Photo by ESN Sofia University at Row 1, Column 1" checkable="false" checked="false" clickable="true" enabled="true" focusable="true" focused="false" scrollable="false" long-clickable="false" password="false" selected="false" visible-to-user="true" bounds="[0,1302][358,1660]" />
                            <node index="1" text="" resource-id="" class="android.widget.Button" package="com.instagram.android" content-desc="Photo by Erasmus Student Network UNWE at Row 1, Column 2" checkable="false" checked="false" clickable="true" enabled="true" focusable="true" focused="false" scrollable="false" long-clickable="false" password="false" selected="false" visible-to-user="true" bounds="[361,1302][719,1660]" />
                            <node index="2" text="" resource-id="" class="android.widget.Button" package="com.instagram.android" content-desc="7 photos by Erasmus Student Network UNWE at row 1, column 3" checkable="false" checked="false" clickable="true" enabled="true" focusable="true" focused="false" scrollable="false" long-clickable="false" password="false" selected="false" visible-to-user="true" bounds="[722,1302][1080,1660]" />
                          </node>
                          <node index="2" text="" resource-id="com.instagram.android:id/media_set_row_content_identifier" class="android.widget.LinearLayout" package="com.instagram.android" content-desc="" checkable="false" checked="false" clickable="false" enabled="true" focusable="false" focused="false" scrollable="false" long-clickable="false" password="false" selected="false" visible-to-user="true" bounds="[0,1663][1080,1821]">
                            <node index="0" text="" resource-id="" class="android.widget.Button" package="com.instagram.android" content-desc="Photo by Erasmus Student Network UNWE at Row 2, Column 1" checkable="false" checked="false" clickable="true" enabled="true" focusable="true" focused="false" scrollable="false" long-clickable="false" password="false" selected="false" visible-to-user="true" bounds="[0,1663][358,1821]" />
                            <node index="1" text="" resource-id="" class="android.widget.Button" package="com.instagram.android" content-desc="Photo by Erasmus Student Network UNWE at Row 2, Column 2" checkable="false" checked="false" clickable="true" enabled="true" focusable="true" focused="false" scrollable="false" long-clickable="false" password="false" selected="false" visible-to-user="true" bounds="[361,1663][719,1821]" />
                            <node index="2" text="" resource-id="" class="android.widget.Button" package="com.instagram.android" content-desc="Photo by Erasmus Student Network UNWE at Row 2, Column 3" checkable="false" checked="false" clickable="true" enabled="true" focusable="true" focused="false" scrollable="false" long-clickable="false" password="false" selected="false" visible-to-user="true" bounds="[722,1663][1080,1821]" />
                          </node>
                        </node>
                      </node>
                    </node>
                  </node>
                  <node index="1" text="" resource-id="com.instagram.android:id/action_bar_container" class="android.widget.FrameLayout" package="com.instagram.android" content-desc="" checkable="false" checked="false" clickable="false" enabled="true" focusable="false" focused="false" scrollable="false" long-clickable="false" password="false" selected="false" visible-to-user="true" bounds="[0,54][1080,180]">
                    <node index="0" text="" resource-id="com.instagram.android:id/action_bar_wrapper" class="android.widget.FrameLayout" package="com.instagram.android" content-desc="" checkable="false" checked="false" clickable="false" enabled="true" focusable="false" focused="false" scrollable="false" long-clickable="false" password="false" selected="false" visible-to-user="true" bounds="[0,54][1080,180]">
                      <node index="0" text="" resource-id="com.instagram.android:id/action_bar" class="android.widget.LinearLayout" package="com.instagram.android" content-desc="" checkable="false" checked="false" clickable="true" enabled="true" focusable="true" focused="false" scrollable="false" long-clickable="false" password="false" selected="false" visible-to-user="true" bounds="[0,54][1080,180]">
                        <node index="0" text="" resource-id="com.instagram.android:id/action_bar_new_title_container" class="android.widget.LinearLayout" package="com.instagram.android" content-desc="" checkable="false" checked="false" clickable="false" enabled="true" focusable="false" focused="false" scrollable="false" long-clickable="false" password="false" selected="false" visible-to-user="true" bounds="[0,56][846,178]">
                          <node index="0" text="" resource-id="com.instagram.android:id/action_bar_button_back" class="android.widget.ImageView" package="com.instagram.android" content-desc="Back" checkable="false" checked="false" clickable="true" enabled="true" focusable="true" focused="false" scrollable="false" long-clickable="false" password="false" selected="false" visible-to-user="true" bounds="[0,56][126,178]" />
                          <node index="1" text="" resource-id="" class="android.widget.LinearLayout" package="com.instagram.android" content-desc="" checkable="false" checked="false" clickable="false" enabled="true" focusable="false" focused="false" scrollable="false" long-clickable="false" password="false" selected="false" visible-to-user="true" bounds="[126,86][412,147]">
                            <node index="0" text="" resource-id="" class="android.widget.LinearLayout" package="com.instagram.android" content-desc="" checkable="false" checked="false" clickable="false" enabled="true" focusable="false" focused="false" scrollable="false" long-clickable="false" password="false" selected="false" visible-to-user="true" bounds="[126,86][412,147]">
                              <node index="0" text="esn.unwe" resource-id="com.instagram.android:id/action_bar_title" class="android.widget.TextView" package="com.instagram.android" content-desc="esn.unwe" checkable="false" checked="false" clickable="false" enabled="true" focusable="true" focused="false" scrollable="false" long-clickable="false" password="false" selected="false" visible-to-user="true" bounds="[162,86][385,147]" />
                            </node>
                          </node>
                        </node>
                        <node index="1" text="" resource-id="" class="android.widget.ImageView" package="com.instagram.android" content-desc="Notification settings" checkable="false" checked="false" clickable="true" enabled="true" focusable="true" focused="false" scrollable="false" long-clickable="false" password="false" selected="false" visible-to-user="true" bounds="[846,54][954,180]" />
                        <node index="2" text="" resource-id="" class="android.widget.Button" package="com.instagram.android" content-desc="" checkable="false" checked="false" clickable="true" enabled="true" focusable="true" focused="false" scrollable="false" long-clickable="false" password="false" selected="false" visible-to-user="true" bounds="[954,54][1062,180]">
                          <node index="0" text="" resource-id="" class="android.widget.FrameLayout" package="com.instagram.android" content-desc="Options" checkable="false" checked="false" clickable="false" enabled="true" focusable="false" focused="false" scrollable="false" long-clickable="false" password="false" selected="false" visible-to-user="true" bounds="[981,90][1035,144]">
                            <node index="0" text="" resource-id="com.instagram.android:id/action_bar_overflow_icon" class="android.widget.ImageView" package="com.instagram.android" content-desc="" checkable="false" checked="false" clickable="false" enabled="true" focusable="false" focused="false" scrollable="false" long-clickable="false" password="false" selected="false" visible-to-user="true" bounds="[981,90][1035,144]" />
                          </node>
                        </node>
                      </node>
                    </node>
                  </node>
                  <node index="2" text="" resource-id="com.instagram.android:id/tab_bar_shadow" class="android.view.View" package="com.instagram.android" content-desc="" checkable="false" checked="false" clickable="false" enabled="true" focusable="false" focused="false" scrollable="false" long-clickable="false" password="false" selected="false" visible-to-user="true" bounds="[0,1820][1080,1821]" />
                  <node index="3" text="" resource-id="com.instagram.android:id/tab_bar" class="android.widget.LinearLayout" package="com.instagram.android" content-desc="" checkable="false" checked="false" clickable="false" enabled="true" focusable="false" focused="false" scrollable="false" long-clickable="false" password="false" selected="false" visible-to-user="true" bounds="[0,1821][1080,1920]">
                    <node index="0" text="" resource-id="com.instagram.android:id/feed_tab" class="android.widget.FrameLayout" package="com.instagram.android" content-desc="Home" checkable="false" checked="false" clickable="true" enabled="true" focusable="true" focused="false" scrollable="false" long-clickable="false" password="false" selected="false" visible-to-user="true" bounds="[0,1821][216,1920]">
                      <node index="0" text="" resource-id="com.instagram.android:id/wrapper" class="android.view.ViewGroup" package="com.instagram.android" content-desc="" checkable="false" checked="false" clickable="false" enabled="true" focusable="false" focused="false" scrollable="false" long-clickable="false" password="false" selected="false" visible-to-user="true" bounds="[0,1821][216,1920]">
                        <node index="0" text="" resource-id="com.instagram.android:id/container" class="android.widget.FrameLayout" package="com.instagram.android" content-desc="" checkable="false" checked="false" clickable="false" enabled="true" focusable="false" focused="false" scrollable="false" long-clickable="false" password="false" selected="false" visible-to-user="true" bounds="[81,1844][135,1898]">
                          <node index="0" text="" resource-id="com.instagram.android:id/tab_icon" class="android.widget.ImageView" package="com.instagram.android" content-desc="" checkable="false" checked="false" clickable="false" enabled="true" focusable="false" focused="false" scrollable="false" long-clickable="false" password="false" selected="false" visible-to-user="true" bounds="[81,1844][135,1898]" />
                        </node>
                        <node index="1" text="" resource-id="com.instagram.android:id/dot_badge" class="android.view.View" package="com.instagram.android" content-desc="" checkable="false" checked="false" clickable="false" enabled="true" focusable="false" focused="false" scrollable="false" long-clickable="false" password="false" selected="false" visible-to-user="true" bounds="[104,1903][113,1912]" />
                      </node>
                    </node>
                    <node index="1" text="" resource-id="com.instagram.android:id/search_tab" class="android.widget.FrameLayout" package="com.instagram.android" content-desc="Search and explore" checkable="false" checked="false" clickable="true" enabled="true" focusable="true" focused="false" scrollable="false" long-clickable="true" password="false" selected="true" visible-to-user="true" bounds="[216,1821][432,1920]">
                      <node index="0" text="" resource-id="com.instagram.android:id/tab_icon" class="android.widget.ImageView" package="com.instagram.android" content-desc="" checkable="false" checked="false" clickable="false" enabled="true" focusable="false" focused="false" scrollable="false" long-clickable="false" password="false" selected="true" visible-to-user="true" bounds="[297,1843][351,1897]" />
                    </node>
                    <node index="2" text="" resource-id="com.instagram.android:id/clips_tab" class="android.widget.FrameLayout" package="com.instagram.android" content-desc="Reels" checkable="false" checked="false" clickable="true" enabled="true" focusable="true" focused="false" scrollable="false" long-clickable="false" password="false" selected="false" visible-to-user="true" bounds="[432,1821][648,1920]">
                      <node index="0" text="" resource-id="com.instagram.android:id/tab_icon" class="android.widget.ImageView" package="com.instagram.android" content-desc="" checkable="false" checked="false" clickable="false" enabled="true" focusable="false" focused="false" scrollable="false" long-clickable="false" password="false" selected="false" visible-to-user="true" bounds="[513,1843][567,1897]" />
                    </node>
                    <node index="3" text="" resource-id="com.instagram.android:id/shopping_tab" class="android.widget.FrameLayout" package="com.instagram.android" content-desc="Shop" checkable="false" checked="false" clickable="true" enabled="true" focusable="true" focused="false" scrollable="false" long-clickable="false" password="false" selected="false" visible-to-user="true" bounds="[648,1821][864,1920]">
                      <node index="0" text="" resource-id="com.instagram.android:id/tab_icon" class="android.widget.ImageView" package="com.instagram.android" content-desc="" checkable="false" checked="false" clickable="false" enabled="true" focusable="false" focused="false" scrollable="false" long-clickable="false" password="false" selected="false" visible-to-user="true" bounds="[729,1843][783,1897]" />
                    </node>
                    <node index="4" text="" resource-id="com.instagram.android:id/profile_tab" class="android.widget.FrameLayout" package="com.instagram.android" content-desc="Profile" checkable="false" checked="false" clickable="true" enabled="true" focusable="true" focused="false" scrollable="false" long-clickable="true" password="false" selected="false" visible-to-user="true" bounds="[864,1821][1080,1920]">
                      <node index="0" text="" resource-id="com.instagram.android:id/wrapper" class="android.view.ViewGroup" package="com.instagram.android" content-desc="" checkable="false" checked="false" clickable="false" enabled="true" focusable="false" focused="false" scrollable="false" long-clickable="false" password="false" selected="false" visible-to-user="true" bounds="[864,1821][1080,1920]">
                        <node index="0" text="" resource-id="com.instagram.android:id/container" class="android.widget.FrameLayout" package="com.instagram.android" content-desc="" checkable="false" checked="false" clickable="false" enabled="true" focusable="false" focused="false" scrollable="false" long-clickable="false" password="false" selected="false" visible-to-user="true" bounds="[938,1837][1006,1905]">
                          <node index="0" text="" resource-id="com.instagram.android:id/tab_avatar" class="android.widget.ImageView" package="com.instagram.android" content-desc="" checkable="false" checked="false" clickable="false" enabled="true" focusable="false" focused="false" scrollable="false" long-clickable="false" password="false" selected="false" visible-to-user="true" bounds="[938,1837][1006,1905]" />
                        </node>
                        <node index="1" text="" resource-id="com.instagram.android:id/dot_badge" class="android.view.View" package="com.instagram.android" content-desc="" checkable="false" checked="false" clickable="false" enabled="true" focusable="false" focused="false" scrollable="false" long-clickable="false" password="false" selected="false" visible-to-user="true" bounds="[968,1910][977,1919]" />
                      </node>
                    </node>
                  </node>
                </node>
              </node>
            </node>
          </node>
        </node>
      </node>
    </node>
  </node>
</hierarchy>