<?xml version='1.0' encoding='UTF-8' standalone='yes' ?>
<hierarchy rotation="0">
  <node index="0" text="" resource-id="" class="android.widget.FrameLayout" package="com.android.systemui" content-desc="" checkable="false" checked="false" clickable="false" enabled="true" focusable="false" focused="false" scrollable="false" long-clickable="false" password="false" selected="false" visible-to-user="true" bounds="[0,0][240,12]">
    <node index="0" text="" resource-id="com.android.systemui:id/scrim_in_front" class="android.view.View" package="com.android.systemui" content-desc="" checkable="false" checked="false" clickable="false" enabled="true" focusable="true" focused="false" scrollable="false" long-clickable="false" password="false" selected="false" visible-to-user="true" bounds="[0,0][240,12]" />
    <node index="1" text="" resource-id="com.android.systemui:id/scrim_behind" class="android.view.View" package="com.android.systemui" content-desc="" checkable="false" checked="false" clickable="false" enabled="true" focusable="true" focused="false" scrollable="false" long-clickable="false" password="false" selected="false" visible-to-user="true" bounds="[0,0][240,12]" />
    <node index="2" text="" resource-id="com.android.systemui:id/status_bar_container" class="android.widget.FrameLayout" package="com.android.systemui" content-desc="" checkable="false" checked="false" clickable="false" enabled="true" focusable="false" focused="false" scrollable="false" long-clickable="false" password="false" selected="false" visible-to-user="true" bounds="[0,0][240,12]">
      <node index="0" text="" resource-id="com.android.systemui:id/status_bar" class="android.widget.FrameLayout" package="com.android.systemui" content-desc="" checkable="false" checked="false" clickable="false" enabled="true" focusable="false" focused="false" scrollable="false" long-clickable="false" password="false" selected="false" visible-to-user="true" bounds="[0,0][240,12]">
        <node index="0" text="" resource-id="com.android.systemui:id/status_bar_contents" class="android.widget.LinearLayout" package="com.android.systemui" content-desc="" checkable="false" checked="false" clickable="false" enabled="true" focusable="false" focused="false" scrollable="false" long-clickable="false" password="false" selected="false" visible-to-user="true" bounds="[4,0][236,12]">
          <node index="0" text="" resource-id="" class="android.widget.FrameLayout" package="com.android.systemui" content-desc="" checkable="false" checked="false" clickable="false" enabled="true" focusable="false" focused="false" scrollable="false" long-clickable="false" password="false" selected="false" visible-to-user="true" bounds="[7,0][120,12]">
            <node index="0" text="" resource-id="com.android.systemui:id/status_bar_left_side" class="android.widget.LinearLayout" package="com.android.systemui" content-desc="" checkable="false" checked="false" clickable="false" enabled="true" focusable="false" focused="false" scrollable="false" long-clickable="false" password="false" selected="false" visible-to-user="true" bounds="[7,0][120,12]">
              <node index="0" text="12:34" resource-id="com.android.systemui:id/clock" class="android.widget.TextView" package="com.android.systemui" content-desc="12:34 AM" checkable="false" checked="false" clickable="false" enabled="true" focusable="false" focused="false" scrollable="false" long-clickable="false" password="false" selected="false" visible-to-user="true" bounds="[7,0][33,12]" />
              <node index="1" text="" resource-id="com.android.systemui:id/notification_icon_area" class="android.widget.FrameLayout" package="com.android.systemui" content-desc="" checkable="false" checked="false" clickable="false" enabled="true" focusable="false" focused="false" scrollable="false" long-clickable="false" password="false" selected="false" visible-to-user="true" bounds="[33,0][120,12]">
                <node index="0" text="" resource-id="com.android.systemui:id/notification_icon_area_inner" class="android.widget.LinearLayout" package="com.android.systemui" content-desc="" checkable="false" checked="false" clickable="false" enabled="true" focusable="false" focused="false" scrollable="false" long-clickable="false" password="false" selected="false" visible-to-user="true" bounds="[33,0][120,12]">
                  <node index="0" text="" resource-id="com.android.systemui:id/notificationIcons" class="android.widget.FrameLayout" package="com.android.systemui" content-desc="" checkable="false" checked="false" clickable="false" enabled="true" focusable="false" focused="false" scrollable="false" long-clickable="false" password="false" selected="false" visible-to-user="true" bounds="[33,0][120,12]">
                    <node index="0" text="" resource-id="" class="android.widget.ImageView" package="com.android.systemui" content-desc="Android System notification: Configure physical keyboard" checkable="false" checked="false" clickable="false" enabled="true" focusable="false" focused="false" scrollable="false" long-clickable="false" password="false" selected="false" visible-to-user="true" bounds="[33,0][44,12]" />
                    <node index="1" text="" resource-id="" class="android.widget.ImageView" package="com.android.systemui" content-desc="ATX notification: UIAutomator" checkable="false" checked="false" clickable="false" enabled="true" focusable="false" focused="false" scrollable="false" long-clickable="false" password="false" selected="false" visible-to-user="true" bounds="[44,0][55,12]" />
                  </node>
                </node>
              </node>
            </node>
          </node>
          <node index="1" text="" resource-id="com.android.systemui:id/system_icon_area" class="android.widget.LinearLayout" package="com.android.systemui" content-desc="" checkable="false" checked="false" clickable="false" enabled="true" focusable="false" focused="false" scrollable="false" long-clickable="false" password="false" selected="false" visible-to-user="true" bounds="[120,0][233,12]">
            <node index="0" text="" resource-id="com.android.systemui:id/system_icons" class="android.widget.LinearLayout" package="com.android.systemui" content-desc="" checkable="false" checked="false" clickable="false" enabled="true" focusable="false" focused="false" scrollable="false" long-clickable="false" password="false" selected="false" visible-to-user="true" bounds="[120,0][233,12]">
              <node index="0" text="" resource-id="com.android.systemui:id/statusIcons" class="android.widget.LinearLayout" package="com.android.systemui" content-desc="" checkable="false" checked="false" clickable="false" enabled="true" focusable="false" focused="false" scrollable="false" long-clickable="false" password="false" selected="false" visible-to-user="true" bounds="[120,0][229,12]">
                <node index="0" text="" resource-id="com.android.systemui:id/wifi_combo" class="android.widget.FrameLayout" package="com.android.systemui" content-desc="Wifi signal full." checkable="false" checked="false" clickable="false" enabled="true" focusable="false" focused="false" scrollable="false" long-clickable="false" password="false" selected="false" visible-to-user="true" bounds="[217,0][226,11]">
                  <node index="0" text="" resource-id="com.android.systemui:id/wifi_group" class="android.widget.LinearLayout" package="com.android.systemui" content-desc="" checkable="false" checked="false" clickable="false" enabled="true" focusable="false" focused="false" scrollable="false" long-clickable="false" password="false" selected="false" visible-to-user="true" bounds="[218,0][226,11]">
                    <node index="0" text="" resource-id="com.android.systemui:id/wifi_combo" class="android.widget.FrameLayout" package="com.android.systemui" content-desc="" checkable="false" checked="false" clickable="false" enabled="true" focusable="false" focused="false" scrollable="false" long-clickable="false" password="false" selected="false" visible-to-user="true" bounds="[218,1][226,9]">
                      <node index="0" text="" resource-id="com.android.systemui:id/wifi_signal" class="android.widget.ImageView" package="com.android.systemui" content-desc="" checkable="false" checked="false" clickable="false" enabled="true" focusable="false" focused="false" scrollable="false" long-clickable="false" password="false" selected="false" visible-to-user="true" bounds="[218,1][226,9]" />
                    </node>
                  </node>
                </node>
              </node>
              <node index="1" text="" resource-id="com.android.systemui:id/battery" class="android.widget.LinearLayout" package="com.android.systemui" content-desc="Battery charging, 100 percent." checkable="false" checked="false" clickable="false" enabled="true" focusable="false" focused="false" scrollable="false" long-clickable="false" password="false" selected="false" visible-to-user="true" bounds="[229,0][233,12]">
                <node index="0" text="" resource-id="" class="android.widget.ImageView" package="com.android.systemui" content-desc="" checkable="false" checked="false" clickable="false" enabled="true" focusable="false" focused="false" scrollable="false" long-clickable="false" password="false" selected="false" visible-to-user="true" bounds="[229,2][233,9]" />
              </node>
            </node>
          </node>
        </node>
      </node>
    </node>
  </node>
  <node index="0" text="" resource-id="" class="android.widget.FrameLayout" package="com.instagram.android" content-desc="" checkable="false" checked="false" clickable="false" enabled="true" focusable="false" focused="false" scrollable="false" long-clickable="false" password="false" selected="false" visible-to-user="true" bounds="[0,0][240,427]">
    <node index="0" text="" resource-id="" class="android.widget.LinearLayout" package="com.instagram.android" content-desc="" checkable="false" checked="false" clickable="false" enabled="true" focusable="false" focused="false" scrollable="false" long-clickable="false" password="false" selected="false" visible-to-user="true" bounds="[0,0][240,427]">
      <node index="0" text="" resource-id="" class="android.widget.FrameLayout" package="com.instagram.android" content-desc="" checkable="false" checked="false" clickable="false" enabled="true" focusable="false" focused="false" scrollable="false" long-clickable="false" password="false" selected="false" visible-to-user="true" bounds="[0,0][240,427]">
        <node index="0" text="" resource-id="com.instagram.android:id/action_bar_root" class="android.widget.LinearLayout" package="com.instagram.android" content-desc="" checkable="false" checked="false" clickable="false" enabled="true" focusable="false" focused="false" scrollable="false" long-clickable="false" password="false" selected="false" visible-to-user="true" bounds="[0,0][240,427]">
          <node index="0" text="" resource-id="android:id/content" class="android.widget.FrameLayout" package="com.instagram.android" content-desc="" checkable="false" checked="false" clickable="false" enabled="true" focusable="false" focused="false" scrollable="false" long-clickable="false" password="false" selected="false" visible-to-user="true" bounds="[0,0][240,427]">
            <node index="0" text="" resource-id="com.instagram.android:id/swipe_navigation_container" class="android.widget.FrameLayout" package="com.instagram.android" content-desc="" checkable="false" checked="false" clickable="false" enabled="true" focusable="false" focused="false" scrollable="false" long-clickable="false" password="false" selected="false" visible-to-user="true" bounds="[0,0][240,427]">
              <node index="0" text="" resource-id="com.instagram.android:id/bottom_sheet_camera_container" class="android.widget.FrameLayout" package="com.instagram.android" content-desc="" checkable="false" checked="false" clickable="false" enabled="true" focusable="false" focused="false" scrollable="false" long-clickable="false" password="false" selected="false" visible-to-user="true" bounds="[0,0][240,427]" />
              <node index="1" text="" resource-id="com.instagram.android:id/overlay_layout_container" class="android.widget.FrameLayout" package="com.instagram.android" content-desc="" checkable="false" checked="false" clickable="false" enabled="true" focusable="false" focused="false" scrollable="false" long-clickable="false" password="false" selected="false" visible-to-user="true" bounds="[0,0][240,427]" />
              <node index="2" text="" resource-id="com.instagram.android:id/layout_container_center_right_coordinator_layout" class="android.view.ViewGroup" package="com.instagram.android" content-desc="" checkable="false" checked="false" clickable="false" enabled="true" focusable="true" focused="false" scrollable="false" long-clickable="false" password="false" selected="false" visible-to-user="true" bounds="[0,0][240,427]">
                <node index="1" text="" resource-id="com.instagram.android:id/activity_and_camera_shared_views_main_container" class="android.widget.FrameLayout" package="com.instagram.android" content-desc="" checkable="false" checked="false" clickable="false" enabled="true" focusable="false" focused="false" scrollable="false" long-clickable="false" password="false" selected="false" visible-to-user="true" bounds="[0,12][240,427]" />
                <node index="2" text="" resource-id="com.instagram.android:id/layout_container_main_panel" class="android.view.ViewGroup" package="com.instagram.android" content-desc="" checkable="false" checked="false" clickable="false" enabled="true" focusable="false" focused="false" scrollable="false" long-clickable="false" password="false" selected="false" visible-to-user="true" bounds="[0,12][240,427]">
                  <node index="1" text="" resource-id="com.instagram.android:id/layout_container_main_wrapper" class="android.widget.FrameLayout" package="com.instagram.android" content-desc="" checkable="false" checked="false" clickable="false" enabled="true" focusable="false" focused="false" scrollable="false" long-clickable="false" password="false" selected="false" visible-to-user="true" bounds="[0,12][240,427]">
                    <node index="0" text="" resource-id="com.instagram.android:id/layout_container_main" class="android.widget.FrameLayout" package="com.instagram.android" content-desc="" checkable="false" checked="false" clickable="false" enabled="true" focusable="false" focused="false" scrollable="false" long-clickable="false" password="false" selected="false" visible-to-user="true" bounds="[0,12][240,405]">
                      <node index="0" text="" resource-id="" class="android.widget.FrameLayout" package="com.instagram.android" content-desc="" checkable="false" checked="false" clickable="false" enabled="true" focusable="false" focused="false" scrollable="false" long-clickable="false" password="false" selected="false" visible-to-user="true" bounds="[0,40][240,405]">
                        <node index="0" text="" resource-id="com.instagram.android:id/coordinator_root_layout" class="android.view.ViewGroup" package="com.instagram.android" content-desc="" checkable="false" checked="false" clickable="false" enabled="true" focusable="false" focused="false" scrollable="false" long-clickable="false" password="false" selected="false" visible-to-user="true" bounds="[0,40][240,405]">
                          <node index="0" text="" resource-id="com.instagram.android:id/tab_appbar" class="android.widget.LinearLayout" package="com.instagram.android" content-desc="" checkable="false" checked="false" clickable="false" enabled="true" focusable="false" focused="false" scrollable="false" long-clickable="false" password="false" selected="false" visible-to-user="true" bounds="[0,40][240,74]">
                            <node index="0" text="" resource-id="com.instagram.android:id/profile_header_container" class="android.widget.LinearLayout" package="com.instagram.android" content-desc="" checkable="false" checked="false" clickable="false" enabled="true" focusable="false" focused="false" scrollable="false" long-clickable="false" password="false" selected="false" visible-to-user="true" bounds="[0,40][240,74]">
                              <node index="0" text="" resource-id="com.instagram.android:id/profile_header_fixed_list" class="android.widget.LinearLayout" package="com.instagram.android" content-desc="" checkable="false" checked="false" clickable="false" enabled="true" focusable="false" focused="false" scrollable="false" long-clickable="false" password="false" selected="false" visible-to-user="true" bounds="[0,40][240,49]">
                                <node index="3" text="" resource-id="com.instagram.android:id/highlights_tray" class="android.widget.LinearLayout" package="com.instagram.android" content-desc="" checkable="false" checked="false" clickable="false" enabled="true" focusable="false" focused="false" scrollable="false" long-clickable="false" password="false" selected="false" visible-to-user="true" bounds="[0,40][240,44]">
                                  <node index="0" text="" resource-id="com.instagram.android:id/highlights_reel_tray_recycler_view" class="androidx.recyclerview.widget.RecyclerView" package="com.instagram.android" content-desc="" checkable="false" checked="false" clickable="false" enabled="true" focusable="true" focused="false" scrollable="true" long-clickable="false" password="false" selected="false" visible-to-user="true" bounds="[0,40][240,44]">
                                    <node index="0" text="" resource-id="com.instagram.android:id/outer_container" class="android.widget.LinearLayout" package="com.instagram.android" content-desc="" checkable="false" checked="false" clickable="true" enabled="true" focusable="true" focused="false" scrollable="false" long-clickable="false" password="false" selected="false" visible-to-user="true" bounds="[1,40][46,44]">
                                      <node index="1" text="" resource-id="com.instagram.android:id/title_container" class="android.view.ViewGroup" package="com.instagram.android" content-desc="" checkable="false" checked="false" clickable="false" enabled="true" focusable="false" focused="false" scrollable="false" long-clickable="false" password="false" selected="false" visible-to-user="true" bounds="[1,40][46,41]">
                                        <node index="0" text="Upcoming events" resource-id="com.instagram.android:id/username" class="android.widget.TextView" package="com.instagram.android" content-desc="" checkable="false" checked="false" clickable="false" enabled="true" focusable="false" focused="false" scrollable="false" long-clickable="false" password="false" selected="false" visible-to-user="true" bounds="[2,40][45,41]" />
                                      </node>
                                    </node>
                                    <node index="1" text="" resource-id="com.instagram.android:id/outer_container" class="android.widget.LinearLayout" package="com.instagram.android" content-desc="" checkable="false" checked="false" clickable="true" enabled="true" focusable="true" focused="false" scrollable="false" long-clickable="false" password="false" selected="false" visible-to-user="true" bounds="[46,40][91,44]">
                                      <node index="1" text="" resource-id="com.instagram.android:id/title_container" class="android.view.ViewGroup" package="com.instagram.android" content-desc="" checkable="false" checked="false" clickable="false" enabled="true" focusable="false" focused="false" scrollable="false" long-clickable="false" password="false" selected="false" visible-to-user="true" bounds="[46,40][91,41]">
                                        <node index="0" text="Welcome weekend" resource-id="com.instagram.android:id/username" class="android.widget.TextView" package="com.instagram.android" content-desc="" checkable="false" checked="false" clickable="false" enabled="true" focusable="false" focused="false" scrollable="false" long-clickable="false" password="false" selected="false" visible-to-user="true" bounds="[47,40][90,41]" />
                                      </node>
                                    </node>
                                    <node index="2" text="" resource-id="com.instagram.android:id/outer_container" class="android.widget.LinearLayout" package="com.instagram.android" content-desc="" checkable="false" checked="false" clickable="true" enabled="true" focusable="true" focused="false" scrollable="false" long-clickable="false" password="false" selected="false" visible-to-user="true" bounds="[91,40][136,44]">
                                      <node index="1" text="" resource-id="com.instagram.android:id/title_container" class="android.view.ViewGroup" package="com.instagram.android" content-desc="" checkable="false" checked="false" clickable="false" enabled="true" focusable="false" focused="false" scrollable="false" long-clickable="false" password="false" selected="false" visible-to-user="true" bounds="[91,40][136,41]">
                                        <node index="0" text="Past events" resource-id="com.instagram.android:id/username" class="android.widget.TextView" package="com.instagram.android" content-desc="" checkable="false" checked="false" clickable="false" enabled="true" focusable="false" focused="false" scrollable="false" long-clickable="false" password="false" selected="false" visible-to-user="true" bounds="[95,40][132,41]" />
                                      </node>
                                    </node>
                                    <node index="3" text="" resource-id="com.instagram.android:id/outer_container" class="android.widget.LinearLayout" package="com.instagram.android" content-desc="" checkable="false" checked="false" clickable="true" enabled="true" focusable="true" focused="false" scrollable="false" long-clickable="false" password="false" selected="false" visible-to-user="true" bounds="[136,40][181,44]">
                                      <node index="1" text="" resource-id="com.instagram.android:id/title_container" class="android.view.ViewGroup" package="com.instagram.android" content-desc="" checkable="false" checked="false" clickable="false" enabled="true" focusable="false" focused="false" scrollable="false" long-clickable="false" password="false" selected="false" visible-to-user="true" bounds="[136,40][181,41]">
                                        <node index="0" text="ESN Partners" resource-id="com.instagram.android:id/username" class="android.widget.TextView" package="com.instagram.android" content-desc="" checkable="false" checked="false" clickable="false" enabled="true" focusable="false" focused="false" scrollable="false" long-clickable="false" password="false" selected="false" visible-to-user="true" bounds="[138,40][179,41]" />
                                      </node>
                                    </node>
                                    <node index="4" text="" resource-id="com.instagram.android:id/outer_container" class="android.widget.LinearLayout" package="com.instagram.android" content-desc="" checkable="false" checked="false" clickable="true" enabled="true" focusable="true" focused="false" scrollable="false" long-clickable="false" password="false" selected="false" visible-to-user="true" bounds="[181,40][226,44]">
                                      <node index="1" text="" resource-id="com.instagram.android:id/title_container" class="android.view.ViewGroup" package="com.instagram.android" content-desc="" checkable="false" checked="false" clickable="false" enabled="true" focusable="false" focused="false" scrollable="false" long-clickable="false" password="false" selected="false" visible-to-user="true" bounds="[181,40][226,41]">
                                        <node index="0" text="AskErasmus 2023" resource-id="com.instagram.android:id/username" class="android.widget.TextView" package="com.instagram.android" content-desc="" checkable="false" checked="false" clickable="false" enabled="true" focusable="false" focused="false" scrollable="false" long-clickable="false" password="false" selected="false" visible-to-user="true" bounds="[182,40][225,41]" />
                                      </node>
                                    </node>
                                    <node index="5" text="" resource-id="com.instagram.android:id/outer_container" class="android.widget.LinearLayout" package="com.instagram.android" content-desc="" checkable="false" checked="false" clickable="true" enabled="true" focusable="true" focused="false" scrollable="false" long-clickable="false" password="false" selected="false" visible-to-user="true" bounds="[226,40][240,44]">
                                      <node index="1" text="" resource-id="com.instagram.android:id/title_container" class="android.view.ViewGroup" package="com.instagram.android" content-desc="" checkable="false" checked="false" clickable="false" enabled="true" focusable="false" focused="false" scrollable="false" long-clickable="false" password="false" selected="false" visible-to-user="true" bounds="[226,40][240,41]">
                                        <node index="0" text="Recruiting" resource-id="com.instagram.android:id/username" class="android.widget.TextView" package="com.instagram.android" content-desc="" checkable="false" checked="false" clickable="false" enabled="true" focusable="false" focused="false" scrollable="false" long-clickable="false" password="false" selected="false" visible-to-user="true" bounds="[233,40][240,41]" />
                                      </node>
                                    </node>
                                  </node>
                                </node>
                              </node>
                              <node index="1" text="" resource-id="com.instagram.android:id/profile_tabs_container" class="android.widget.LinearLayout" package="com.instagram.android" content-desc="" checkable="false" checked="false" clickable="false" enabled="true" focusable="false" focused="false" scrollable="false" long-clickable="false" password="false" selected="false" visible-to-user="true" bounds="[0,49][240,74]">
                                <node index="0" text="" resource-id="com.instagram.android:id/profile_tab_layout" class="android.widget.HorizontalScrollView" package="com.instagram.android" content-desc="" checkable="false" checked="false" clickable="false" enabled="true" focusable="true" focused="false" scrollable="false" long-clickable="false" password="false" selected="false" visible-to-user="true" bounds="[0,49][240,73]">
                                  <node index="0" text="" resource-id="" class="android.widget.LinearLayout" package="com.instagram.android" content-desc="" checkable="false" checked="false" clickable="false" enabled="true" focusable="false" focused="false" scrollable="false" long-clickable="false" password="false" selected="false" visible-to-user="true" bounds="[0,49][240,73]">
                                    <node index="0" text="" resource-id="" class="android.widget.LinearLayout" package="com.instagram.android" content-desc="" checkable="false" checked="false" clickable="false" enabled="true" focusable="true" focused="false" scrollable="false" long-clickable="false" password="false" selected="true" visible-to-user="true" bounds="[0,49][79,73]">
                                      <node index="0" text="" resource-id="" class="android.widget.FrameLayout" package="com.instagram.android" content-desc="" checkable="false" checked="false" clickable="false" enabled="true" focusable="true" focused="false" scrollable="false" long-clickable="false" password="false" selected="true" visible-to-user="true" bounds="[8,49][71,73]">
                                        <node index="0" text="" resource-id="com.instagram.android:id/profile_tab_icon_view" class="android.widget.ImageView" package="com.instagram.android" content-desc="Grid view" checkable="false" checked="false" clickable="true" enabled="true" focusable="true" focused="false" scrollable="false" long-clickable="false" password="false" selected="true" visible-to-user="true" bounds="[8,49][71,73]" />
                                      </node>
                                    </node>
                                    <node index="1" text="" resource-id="" class="android.widget.LinearLayout" package="com.instagram.android" content-desc="" checkable="false" checked="false" clickable="true" enabled="true" focusable="true" focused="false" scrollable="false" long-clickable="false" password="false" selected="false" visible-to-user="true" bounds="[80,49][159,73]">
                                      <node index="0" text="" resource-id="" class="android.widget.FrameLayout" package="com.instagram.android" content-desc="" checkable="false" checked="false" clickable="false" enabled="true" focusable="true" focused="false" scrollable="false" long-clickable="false" password="false" selected="false" visible-to-user="true" bounds="[88,49][151,73]">
                                        <node index="0" text="" resource-id="com.instagram.android:id/profile_tab_icon_view" class="android.widget.ImageView" package="com.instagram.android" content-desc="Reels" checkable="false" checked="false" clickable="true" enabled="true" focusable="true" focused="false" scrollable="false" long-clickable="false" password="false" selected="false" visible-to-user="true" bounds="[88,49][151,73]" />
                                      </node>
                                    </node>
                                    <node index="2" text="" resource-id="" class="android.widget.LinearLayout" package="com.instagram.android" content-desc="" checkable="false" checked="false" clickable="true" enabled="true" focusable="true" focused="false" scrollable="false" long-clickable="false" password="false" selected="false" visible-to-user="true" bounds="[160,49][240,73]">
                                      <node index="0" text="" resource-id="" class="android.widget.FrameLayout" package="com.instagram.android" content-desc="" checkable="false" checked="false" clickable="false" enabled="true" focusable="true" focused="false" scrollable="false" long-clickable="false" password="false" selected="false" visible-to-user="true" bounds="[168,49][232,73]">
                                        <node index="0" text="" resource-id="com.instagram.android:id/profile_tab_icon_view" class="android.widget.ImageView" package="com.instagram.android" content-desc="Photos of you" checkable="false" checked="false" clickable="true" enabled="true" focusable="true" focused="false" scrollable="false" long-clickable="false" password="false" selected="false" visible-to-user="true" bounds="[168,49][232,73]" />
                                      </node>
                                    </node>
                                  </node>
                                </node>
                                <node index="1" text="" resource-id="com.instagram.android:id/profile_tabs_bottom_divider" class="android.view.View" package="com.instagram.android" content-desc="" checkable="false" checked="false" clickable="false" enabled="true" focusable="false" focused="false" scrollable="false" long-clickable="false" password="false" selected="false" visible-to-user="true" bounds="[0,73][240,74]" />
                              </node>
                            </node>
                          </node>
                          <node index="1" text="" resource-id="" class="android.widget.FrameLayout" package="com.instagram.android" content-desc="" checkable="false" checked="false" clickable="false" enabled="true" focusable="false" focused="false" scrollable="false" long-clickable="false" password="false" selected="false" visible-to-user="true" bounds="[0,40][240,405]" />
                          <node index="2" text="" resource-id="com.instagram.android:id/swipe_refresh_animated_progressbar_container_background" class="android.view.View" package="com.instagram.android" content-desc="" checkable="false" checked="false" clickable="false" enabled="true" focusable="false" focused="false" scrollable="false" long-clickable="false" password="false" selected="false" visible-to-user="true" bounds="[0,40][240,41]" />
                          <node index="3" text="" resource-id="com.instagram.android:id/profile_viewpager" class="androidx.viewpager.widget.ViewPager" package="com.instagram.android" content-desc="" checkable="false" checked="false" clickable="false" enabled="true" focusable="true" focused="false" scrollable="true" long-clickable="false" password="false" selected="false" visible-to-user="true" bounds="[0,74][240,405]">
                            <node index="0" text="" resource-id="android:id/list" class="androidx.recyclerview.widget.RecyclerView" package="com.instagram.android" content-desc="" checkable="false" checked="false" clickable="false" enabled="true" focusable="true" focused="false" scrollable="true" long-clickable="false" password="false" selected="false" visible-to-user="true" bounds="[0,74][240,405]">
                              <node index="0" text="" resource-id="com.instagram.android:id/gap_binder_group" class="android.view.View" package="com.instagram.android" content-desc="" checkable="false" checked="false" clickable="false" enabled="true" focusable="false" focused="false" scrollable="false" long-clickable="false" password="false" selected="false" visible-to-user="true" bounds="[0,74][240,75]" />
                              <node index="1" text="" resource-id="com.instagram.android:id/media_set_row_content_identifier" class="android.widget.LinearLayout" package="com.instagram.android" content-desc="" checkable="false" checked="false" clickable="false" enabled="true" focusable="false" focused="false" scrollable="false" long-clickable="false" password="false" selected="false" visible-to-user="true" bounds="[0,75][240,156]">
                                <node index="0" text="" resource-id="" class="android.widget.Button" package="com.instagram.android" content-desc="Reel by ESN Milano-Bicocca &#127470;&#127481; at row 1, column 1" checkable="false" checked="false" clickable="true" enabled="true" focusable="true" focused="false" scrollable="false" long-clickable="false" password="false" selected="false" visible-to-user="true" bounds="[0,75][79,154]" />
                                <node index="1" text="" resource-id="" class="android.widget.Button" package="com.instagram.android" content-desc="Reel by ESN Milano-Bicocca &#127470;&#127481; at row 1, column 2" checkable="false" checked="false" clickable="true" enabled="true" focusable="true" focused="false" scrollable="false" long-clickable="false" password="false" selected="false" visible-to-user="true" bounds="[80,75][159,154]" />
                                <node index="2" text="" resource-id="" class="android.widget.Button" package="com.instagram.android" content-desc="5 photos by ESN Milano-Bicocca &#127470;&#127481; at row 1, column 3" checkable="false" checked="false" clickable="true" enabled="true" focusable="true" focused="false" scrollable="false" long-clickable="false" password="false" selected="false" visible-to-user="true" bounds="[160,75][240,155]" />
                              </node>
                              <node index="2" text="" resource-id="com.instagram.android:id/media_set_row_content_identifier" class="android.widget.LinearLayout" package="com.instagram.android" content-desc="" checkable="false" checked="false" clickable="false" enabled="true" focusable="false" focused="false" scrollable="false" long-clickable="false" password="false" selected="false" visible-to-user="true" bounds="[0,156][240,237]">
                                <node index="0" text="" resource-id="" class="android.widget.Button" package="com.instagram.android" content-desc="Photo by ESN Milano-Bicocca &#127470;&#127481; at Row 2, Column 1" checkable="false" checked="false" clickable="true" enabled="true" focusable="true" focused="false" scrollable="false" long-clickable="false" password="false" selected="false" visible-to-user="true" bounds="[0,156][79,235]" />
                                <node index="1" text="" resource-id="" class="android.widget.Button" package="com.instagram.android" content-desc="6 photos by ESN Milano-Bicocca &#127470;&#127481; at row 2, column 2" checkable="false" checked="false" clickable="true" enabled="true" focusable="true" focused="false" scrollable="false" long-clickable="false" password="false" selected="false" visible-to-user="true" bounds="[80,156][159,235]" />
                                <node index="2" text="" resource-id="" class="android.widget.Button" package="com.instagram.android" content-desc="7 photos by ESN Milano-Bicocca &#127470;&#127481; at row 2, column 3" checkable="false" checked="false" clickable="true" enabled="true" focusable="true" focused="false" scrollable="false" long-clickable="false" password="false" selected="false" visible-to-user="true" bounds="[160,156][240,236]" />
                              </node>
                              <node index="3" text="" resource-id="com.instagram.android:id/media_set_row_content_identifier" class="android.widget.LinearLayout" package="com.instagram.android" content-desc="" checkable="false" checked="false" clickable="false" enabled="true" focusable="false" focused="false" scrollable="false" long-clickable="false" password="false" selected="false" visible-to-user="true" bounds="[0,237][240,318]">
                                <node index="0" text="" resource-id="" class="android.widget.Button" package="com.instagram.android" content-desc="3 photos by ESN Milano-Bicocca &#127470;&#127481; at row 3, column 1" checkable="false" checked="false" clickable="true" enabled="true" focusable="true" focused="false" scrollable="false" long-clickable="false" password="false" selected="false" visible-to-user="true" bounds="[0,237][79,316]" />
                                <node index="1" text="" resource-id="" class="android.widget.Button" package="com.instagram.android" content-desc="4 photos by ESN Milano-Bicocca &#127470;&#127481; at row 3, column 2" checkable="false" checked="false" clickable="true" enabled="true" focusable="true" focused="false" scrollable="false" long-clickable="false" password="false" selected="false" visible-to-user="true" bounds="[80,237][159,316]" />
                                <node index="2" text="" resource-id="" class="android.widget.Button" package="com.instagram.android" content-desc="6 photos by ESN Milano-Bicocca &#127470;&#127481; at row 3, column 3" checkable="false" checked="false" clickable="true" enabled="true" focusable="true" focused="false" scrollable="false" long-clickable="false" password="false" selected="false" visible-to-user="true" bounds="[160,237][240,317]" />
                              </node>
                              <node index="4" text="" resource-id="com.instagram.android:id/media_set_row_content_identifier" class="android.widget.LinearLayout" package="com.instagram.android" content-desc="" checkable="false" checked="false" clickable="false" enabled="true" focusable="false" focused="false" scrollable="false" long-clickable="false" password="false" selected="false" visible-to-user="true" bounds="[0,318][240,399]">
                                <node index="0" text="" resource-id="" class="android.widget.Button" package="com.instagram.android" content-desc="7 photos by ESN Milano-Bicocca &#127470;&#127481; at row 4, column 1" checkable="false" checked="false" clickable="true" enabled="true" focusable="true" focused="false" scrollable="false" long-clickable="false" password="false" selected="false" visible-to-user="true" bounds="[0,318][79,397]" />
                                <node index="1" text="" resource-id="" class="android.widget.Button" package="com.instagram.android" content-desc="Photo by ESN Milano-Bicocca &#127470;&#127481; at Row 4, Column 2" checkable="false" checked="false" clickable="true" enabled="true" focusable="true" focused="false" scrollable="false" long-clickable="false" password="false" selected="false" visible-to-user="true" bounds="[80,318][159,397]" />
                                <node index="2" text="" resource-id="" class="android.widget.Button" package="com.instagram.android" content-desc="6 photos by ESN Milano-Bicocca &#127470;&#127481; at row 4, column 3" checkable="false" checked="false" clickable="true" enabled="true" focusable="true" focused="false" scrollable="false" long-clickable="false" password="false" selected="false" visible-to-user="true" bounds="[160,318][240,398]" />
                              </node>
                              <node index="5" text="" resource-id="com.instagram.android:id/media_set_row_content_identifier" class="android.widget.LinearLayout" package="com.instagram.android" content-desc="" checkable="false" checked="false" clickable="false" enabled="true" focusable="false" focused="false" scrollable="false" long-clickable="false" password="false" selected="false" visible-to-user="true" bounds="[0,399][240,405]">
                                <node index="0" text="" resource-id="" class="android.widget.Button" package="com.instagram.android" content-desc="6 photos by ESN Milano-Bicocca &#127470;&#127481; at row 5, column 1" checkable="false" checked="false" clickable="true" enabled="true" focusable="true" focused="false" scrollable="false" long-clickable="false" password="false" selected="false" visible-to-user="true" bounds="[0,399][79,405]" />
                                <node index="1" text="" resource-id="" class="android.widget.Button" package="com.instagram.android" content-desc="5 photos by ESN Milano-Bicocca &#127470;&#127481; at row 5, column 2" checkable="false" checked="false" clickable="true" enabled="true" focusable="true" focused="false" scrollable="false" long-clickable="false" password="false" selected="false" visible-to-user="true" bounds="[80,399][159,405]" />
                                <node index="2" text="" resource-id="" class="android.widget.Button" package="com.instagram.android" content-desc="Reel by ESN Milano-Bicocca &#127470;&#127481; at row 5, column 3" checkable="false" checked="false" clickable="true" enabled="true" focusable="true" focused="false" scrollable="false" long-clickable="false" password="false" selected="false" visible-to-user="true" bounds="[160,399][240,405]" />
                              </node>
                            </node>
                          </node>
                          <node index="4" text="" resource-id="com.instagram.android:id/swipe_refresh_animated_progressbar_container" class="android.view.View" package="com.instagram.android" content-desc="" checkable="false" checked="false" clickable="false" enabled="true" focusable="false" focused="false" scrollable="false" long-clickable="false" password="false" selected="false" visible-to-user="true" bounds="[102,40][137,75]" />
                        </node>
                      </node>
                    </node>
                    <node index="1" text="" resource-id="com.instagram.android:id/action_bar_container" class="android.widget.FrameLayout" package="com.instagram.android" content-desc="" checkable="false" checked="false" clickable="false" enabled="true" focusable="false" focused="false" scrollable="false" long-clickable="false" password="false" selected="false" visible-to-user="true" bounds="[0,12][240,41]">
                      <node index="0" text="" resource-id="com.instagram.android:id/action_bar_wrapper" class="android.widget.FrameLayout" package="com.instagram.android" content-desc="" checkable="false" checked="false" clickable="false" enabled="true" focusable="false" focused="false" scrollable="false" long-clickable="false" password="false" selected="false" visible-to-user="true" bounds="[0,12][240,40]">
                        <node index="0" text="" resource-id="com.instagram.android:id/action_bar" class="android.widget.LinearLayout" package="com.instagram.android" content-desc="" checkable="false" checked="false" clickable="true" enabled="true" focusable="true" focused="false" scrollable="false" long-clickable="false" password="false" selected="false" visible-to-user="true" bounds="[0,12][240,40]">
                          <node index="0" text="" resource-id="com.instagram.android:id/action_bar_new_title_container" class="android.widget.LinearLayout" package="com.instagram.android" content-desc="" checkable="false" checked="false" clickable="true" enabled="true" focusable="true" focused="false" scrollable="false" long-clickable="false" password="false" selected="false" visible-to-user="true" bounds="[0,12][212,40]">
                            <node index="0" text="" resource-id="com.instagram.android:id/action_bar_button_back" class="android.widget.ImageView" package="com.instagram.android" content-desc="Back" checkable="false" checked="false" clickable="true" enabled="true" focusable="true" focused="false" scrollable="false" long-clickable="false" password="false" selected="false" visible-to-user="true" bounds="[0,12][28,40]" />
                            <node index="1" text="" resource-id="" class="android.widget.LinearLayout" package="com.instagram.android" content-desc="" checkable="false" checked="false" clickable="false" enabled="true" focusable="false" focused="false" scrollable="false" long-clickable="false" password="false" selected="false" visible-to-user="true" bounds="[28,19][138,33]">
                              <node index="0" text="" resource-id="" class="android.widget.LinearLayout" package="com.instagram.android" content-desc="" checkable="false" checked="false" clickable="false" enabled="true" focusable="false" focused="false" scrollable="false" long-clickable="false" password="false" selected="false" visible-to-user="true" bounds="[28,19][138,33]">
                                <node index="0" text="esnmilanobicocca" resource-id="com.instagram.android:id/action_bar_title" class="android.widget.TextView" package="com.instagram.android" content-desc="esnmilanobicocca" checkable="false" checked="false" clickable="false" enabled="true" focusable="true" focused="false" scrollable="false" long-clickable="false" password="false" selected="false" visible-to-user="true" bounds="[36,19][132,33]" />
                              </node>
                            </node>
                          </node>
                          <node index="1" text="" resource-id="" class="android.widget.Button" package="com.instagram.android" content-desc="" checkable="false" checked="false" clickable="true" enabled="true" focusable="true" focused="false" scrollable="false" long-clickable="false" password="false" selected="false" visible-to-user="true" bounds="[212,12][236,40]">
                            <node index="0" text="" resource-id="" class="android.widget.FrameLayout" package="com.instagram.android" content-desc="Options" checkable="false" checked="false" clickable="false" enabled="true" focusable="false" focused="false" scrollable="false" long-clickable="false" password="false" selected="false" visible-to-user="true" bounds="[218,20][230,32]">
                              <node index="0" text="" resource-id="com.instagram.android:id/action_bar_overflow_icon" class="android.widget.ImageView" package="com.instagram.android" content-desc="" checkable="false" checked="false" clickable="false" enabled="true" focusable="false" focused="false" scrollable="false" long-clickable="false" password="false" selected="false" visible-to-user="true" bounds="[218,20][230,32]" />
                            </node>
                          </node>
                        </node>
                      </node>
                      <node index="1" text="" resource-id="com.instagram.android:id/action_bar_shadow" class="android.view.View" package="com.instagram.android" content-desc="" checkable="false" checked="false" clickable="false" enabled="true" focusable="false" focused="false" scrollable="false" long-clickable="false" password="false" selected="false" visible-to-user="true" bounds="[0,40][240,41]" />
                    </node>
                    <node index="2" text="" resource-id="com.instagram.android:id/tab_bar_shadow" class="android.view.View" package="com.instagram.android" content-desc="" checkable="false" checked="false" clickable="false" enabled="true" focusable="false" focused="false" scrollable="false" long-clickable="false" password="false" selected="false" visible-to-user="true" bounds="[0,404][240,405]" />
                    <node index="3" text="" resource-id="com.instagram.android:id/tab_bar" class="android.widget.LinearLayout" package="com.instagram.android" content-desc="" checkable="false" checked="false" clickable="false" enabled="true" focusable="false" focused="false" scrollable="false" long-clickable="false" password="false" selected="false" visible-to-user="true" bounds="[0,405][240,427]">
                      <node index="0" text="" resource-id="com.instagram.android:id/feed_tab" class="android.widget.FrameLayout" package="com.instagram.android" content-desc="Home" checkable="false" checked="false" clickable="true" enabled="true" focusable="true" focused="false" scrollable="false" long-clickable="false" password="false" selected="false" visible-to-user="true" bounds="[0,405][48,427]">
                        <node index="0" text="" resource-id="com.instagram.android:id/wrapper" class="android.view.ViewGroup" package="com.instagram.android" content-desc="" checkable="false" checked="false" clickable="false" enabled="true" focusable="false" focused="false" scrollable="false" long-clickable="false" password="false" selected="false" visible-to-user="true" bounds="[0,405][48,427]">
                          <node index="0" text="" resource-id="com.instagram.android:id/container" class="android.widget.FrameLayout" package="com.instagram.android" content-desc="" checkable="false" checked="false" clickable="false" enabled="true" focusable="false" focused="false" scrollable="false" long-clickable="false" password="false" selected="false" visible-to-user="true" bounds="[18,410][30,422]">
                            <node index="0" text="" resource-id="com.instagram.android:id/tab_icon" class="android.widget.ImageView" package="com.instagram.android" content-desc="" checkable="false" checked="false" clickable="false" enabled="true" focusable="false" focused="false" scrollable="false" long-clickable="false" password="false" selected="false" visible-to-user="true" bounds="[18,410][30,422]" />
                          </node>
                        </node>
                      </node>
                      <node index="1" text="" resource-id="com.instagram.android:id/search_tab" class="android.widget.FrameLayout" package="com.instagram.android" content-desc="Search and explore" checkable="false" checked="false" clickable="true" enabled="true" focusable="true" focused="false" scrollable="false" long-clickable="true" password="false" selected="true" visible-to-user="true" bounds="[48,405][96,427]">
                        <node index="0" text="" resource-id="com.instagram.android:id/tab_icon" class="android.widget.ImageView" package="com.instagram.android" content-desc="" checkable="false" checked="false" clickable="false" enabled="true" focusable="false" focused="false" scrollable="false" long-clickable="false" password="false" selected="true" visible-to-user="true" bounds="[66,410][78,422]" />
                      </node>
                      <node index="2" text="" resource-id="com.instagram.android:id/creation_tab" class="android.widget.FrameLayout" package="com.instagram.android" content-desc="Camera" checkable="false" checked="false" clickable="true" enabled="true" focusable="true" focused="false" scrollable="false" long-clickable="false" password="false" selected="false" visible-to-user="true" bounds="[96,405][144,427]">
                        <node index="0" text="" resource-id="com.instagram.android:id/tab_icon" class="android.widget.ImageView" package="com.instagram.android" content-desc="" checkable="false" checked="false" clickable="false" enabled="true" focusable="false" focused="false" scrollable="false" long-clickable="false" password="false" selected="false" visible-to-user="true" bounds="[114,410][126,422]" />
                      </node>
                      <node index="3" text="" resource-id="com.instagram.android:id/clips_tab" class="android.widget.FrameLayout" package="com.instagram.android" content-desc="Reels" checkable="false" checked="false" clickable="true" enabled="true" focusable="true" focused="false" scrollable="false" long-clickable="false" password="false" selected="false" visible-to-user="true" bounds="[144,405][192,427]">
                        <node index="0" text="" resource-id="com.instagram.android:id/tab_icon" class="android.widget.ImageView" package="com.instagram.android" content-desc="" checkable="false" checked="false" clickable="false" enabled="true" focusable="false" focused="false" scrollable="false" long-clickable="false" password="false" selected="false" visible-to-user="true" bounds="[162,410][174,422]" />
                      </node>
                      <node index="4" text="" resource-id="com.instagram.android:id/profile_tab" class="android.widget.FrameLayout" package="com.instagram.android" content-desc="Profile" checkable="false" checked="false" clickable="true" enabled="true" focusable="true" focused="false" scrollable="false" long-clickable="true" password="false" selected="false" visible-to-user="true" bounds="[192,405][240,427]">
                        <node index="0" text="" resource-id="com.instagram.android:id/wrapper" class="android.view.ViewGroup" package="com.instagram.android" content-desc="" checkable="false" checked="false" clickable="false" enabled="true" focusable="false" focused="false" scrollable="false" long-clickable="false" password="false" selected="false" visible-to-user="true" bounds="[192,405][240,427]">
                          <node index="0" text="" resource-id="com.instagram.android:id/container" class="android.widget.FrameLayout" package="com.instagram.android" content-desc="" checkable="false" checked="false" clickable="false" enabled="true" focusable="false" focused="false" scrollable="false" long-clickable="false" password="false" selected="false" visible-to-user="true" bounds="[209,409][224,424]">
                            <node index="0" text="" resource-id="com.instagram.android:id/tab_avatar" class="android.widget.ImageView" package="com.instagram.android" content-desc="" checkable="false" checked="false" clickable="false" enabled="true" focusable="false" focused="false" scrollable="false" long-clickable="false" password="false" selected="false" visible-to-user="true" bounds="[209,409][224,424]" />
                          </node>
                        </node>
                      </node>
                    </node>
                  </node>
                </node>
              </node>
            </node>
          </node>
        </node>
      </node>
    </node>
  </node>
</hierarchy>